fact_id,series_evidence_id,scope,component_key,component_name,catalog_position,variant_key,variant_label,field,label,reference_value,reference_unit,source_reference,source_level,verification_status,comparison_source_type,comparison_source_reference,comparison_value,conflict_note,lifecycle_status,target_sku,reviewed_by,reviewed_date,notes_internal
24kd-series-designation,mig-series-24kd,series,24kd-series,24KD Catalog Reference Group,,24kd-series,24KD catalog reference group,series_designation,Series Designation,ORK 24KD,,"Renqiu Ailesen welding catalog PDF page 9 (catalog pages 11-12).",A,NEEDS_FACTORY_CONFIRMATION,,,,,evidence_only,,Official company catalog review,2026-08-21,Catalog designation does not create a confirmed ArcFort Weld product series.
24kd-series-compatibility,mig-series-24kd,series,24kd-series,24KD Catalog Reference Group,,24kd-series,24KD catalog reference group,compatibility_statement,Catalog Compatibility Wording,Compatible torch and Parts For BINZEL,,"Renqiu Ailesen welding catalog PDF page 9 (catalog pages 11-12).",A,NEEDS_FACTORY_CONFIRMATION,,,,,evidence_only,,Official company catalog review,2026-08-21,Retain as catalog wording only; it does not prove compatibility for any ArcFort Weld SKU.
24kd-series-cooling,mig-series-24kd,series,24kd-series,24KD Catalog Reference Group,,24kd-series,24KD catalog reference group,cooling_method,Cooling Method,Air cooled,,"Renqiu Ailesen welding catalog PDF page 9 (catalog pages 11-12).",A,NEEDS_FACTORY_CONFIRMATION,,,,,evidence_only,,Official company catalog review,2026-08-21,Confirm the supplied complete-torch construction before publication.
24kd-series-rating-conflict,mig-series-24kd,series,24kd-series,24KD Catalog Reference Group,,24kd-series,24KD catalog reference group,rating,Catalog Rating,100 A CO2 / 100 A mixed gases,,"Renqiu Ailesen welding catalog PDF page 9 (catalog pages 11-12).",A,DATA_CONFLICT,official_oem_catalog,https://www.binzel-abicor.com/uploads/Content/Germany/PDF-Files/PDF_Files_MIGMAG/English/PRO_M277_GB_MIGMAG_31_WEB_PW.pdf,250 A CO2 / 220 A mixed gases,Company catalog value conflicts with the official ABICOR BINZEL MB GRIP 24 KD reference; do not publish either as an ArcFort Weld rating.,blocked,,Official company catalog and OEM primary-source comparison,2026-08-21,Requires factory specification or controlled product test for the exact supplied torch.
24kd-series-duty-cycle-conflict,mig-series-24kd,series,24kd-series,24KD Catalog Reference Group,,24kd-series,24KD catalog reference group,duty_cycle,Catalog Duty Cycle,35,%,"Renqiu Ailesen welding catalog PDF page 9 (catalog pages 11-12).",A,DATA_CONFLICT,official_oem_catalog,https://www.binzel-abicor.com/uploads/Content/Germany/PDF-Files/PDF_Files_MIGMAG/English/PRO_M277_GB_MIGMAG_31_WEB_PW.pdf,60%,Company catalog value conflicts with the official ABICOR BINZEL MB GRIP 24 KD reference; do not publish either as an ArcFort Weld duty cycle.,blocked,,Official company catalog and OEM primary-source comparison,2026-08-21,Requires factory specification or controlled product test for the exact supplied torch.
24kd-series-wire-size-conflict,mig-series-24kd,series,24kd-series,24KD Catalog Reference Group,,24kd-series,24KD catalog reference group,wire_size,Catalog Wire Size,0.6-1.0,mm,"Renqiu Ailesen welding catalog PDF page 9 (catalog pages 11-12).",A,DATA_CONFLICT,official_oem_catalog,https://www.binzel-abicor.com/uploads/Content/Germany/PDF-Files/PDF_Files_MIGMAG/English/PRO_M277_GB_MIGMAG_31_WEB_PW.pdf,0.8-1.2 mm,Company catalog value conflicts with the official ABICOR BINZEL MB GRIP 24 KD reference; do not publish either as an ArcFort Weld wire-size range.,blocked,,Official company catalog and OEM primary-source comparison,2026-08-21,Requires factory specification or controlled product test for the exact supplied torch.
24kd-complete-torch-3m-presence,mig-series-24kd,variant,complete-torch,Complete MIG/MAG Welding Torch,assembly,complete-torch-3m,ORK 24KD Complete Torch 3M,component_presence,Catalog Component,ORK 24KD Complete Torch 3M,,"Renqiu Ailesen welding catalog PDF page 9 (catalog pages 11-12).",A,NEEDS_FACTORY_CONFIRMATION,,,,,evidence_only,,Official company catalog review,2026-08-21,Component candidate only; no ArcFort Weld SKU has been assigned.
24kd-complete-torch-3m-length,mig-series-24kd,variant,complete-torch,Complete MIG/MAG Welding Torch,assembly,complete-torch-3m,ORK 24KD Complete Torch 3M,cable_length,Cable Length,3,m,"Renqiu Ailesen welding catalog PDF page 9 (catalog pages 11-12).",A,NEEDS_FACTORY_CONFIRMATION,,,,,evidence_only,,Official company catalog review,2026-08-21,Confirm actual supplied cable assembly length.
24kd-complete-torch-5m-presence,mig-series-24kd,variant,complete-torch,Complete MIG/MAG Welding Torch,assembly,complete-torch-5m,ORK 24KD Complete Torch 5M,component_presence,Catalog Component,ORK 24KD Complete Torch 5M,,"Renqiu Ailesen welding catalog PDF page 9 (catalog pages 11-12).",A,NEEDS_FACTORY_CONFIRMATION,,,,,evidence_only,,Official company catalog review,2026-08-21,Component candidate only; no ArcFort Weld SKU has been assigned.
24kd-complete-torch-5m-length,mig-series-24kd,variant,complete-torch,Complete MIG/MAG Welding Torch,assembly,complete-torch-5m,ORK 24KD Complete Torch 5M,cable_length,Cable Length,5,m,"Renqiu Ailesen welding catalog PDF page 9 (catalog pages 11-12).",A,NEEDS_FACTORY_CONFIRMATION,,,,,evidence_only,,Official company catalog review,2026-08-21,Confirm actual supplied cable assembly length.
24kd-nozzle-cylindrical-presence,mig-series-24kd,variant,gas-nozzle,Gas Nozzle,1,nozzle-cylindrical-17mm,Cylindrical Nozzle 17 mm,component_presence,Catalog Component,Cylindrical Nozzle 17 mm,,"Renqiu Ailesen welding catalog PDF page 9 (catalog pages 11-12).",A,NEEDS_FACTORY_CONFIRMATION,,,,,evidence_only,,Official company catalog review,2026-08-21,Component candidate only; confirm exact geometry and connection.
24kd-nozzle-cylindrical-profile,mig-series-24kd,variant,gas-nozzle,Gas Nozzle,1,nozzle-cylindrical-17mm,Cylindrical Nozzle 17 mm,profile,Nozzle Profile,Cylindrical,,"Renqiu Ailesen welding catalog PDF page 9 (catalog pages 11-12).",A,NEEDS_FACTORY_CONFIRMATION,,,,,evidence_only,,Official company catalog review,2026-08-21,Confirm profile against exact product sample or drawing.
24kd-nozzle-cylindrical-opening,mig-series-24kd,variant,gas-nozzle,Gas Nozzle,1,nozzle-cylindrical-17mm,Cylindrical Nozzle 17 mm,opening,Opening Diameter,17,mm,"Renqiu Ailesen welding catalog PDF page 9 (catalog pages 11-12).",A,NEEDS_FACTORY_CONFIRMATION,,,,,evidence_only,,Official company catalog review,2026-08-21,Confirm opening on the exact supplied nozzle.
24kd-nozzle-conical-presence,mig-series-24kd,variant,gas-nozzle,Gas Nozzle,1,nozzle-conical-12-5mm,Conical Nozzle 12.5 mm,component_presence,Catalog Component,Conical Nozzle 12.5 mm,,"Renqiu Ailesen welding catalog PDF page 9 (catalog pages 11-12).",A,NEEDS_FACTORY_CONFIRMATION,,,,,evidence_only,,Official company catalog review,2026-08-21,Component candidate only; confirm exact geometry and connection.
24kd-nozzle-conical-profile,mig-series-24kd,variant,gas-nozzle,Gas Nozzle,1,nozzle-conical-12-5mm,Conical Nozzle 12.5 mm,profile,Nozzle Profile,Conical,,"Renqiu Ailesen welding catalog PDF page 9 (catalog pages 11-12).",A,NEEDS_FACTORY_CONFIRMATION,,,,,evidence_only,,Official company catalog review,2026-08-21,Confirm profile against exact product sample or drawing.
24kd-nozzle-conical-opening,mig-series-24kd,variant,gas-nozzle,Gas Nozzle,1,nozzle-conical-12-5mm,Conical Nozzle 12.5 mm,opening,Opening Diameter,12.5,mm,"Renqiu Ailesen welding catalog PDF page 9 (catalog pages 11-12).",A,NEEDS_FACTORY_CONFIRMATION,,,,,evidence_only,,Official company catalog review,2026-08-21,Confirm opening on the exact supplied nozzle.
24kd-nozzle-tapered-presence,mig-series-24kd,variant,gas-nozzle,Gas Nozzle,1,nozzle-tapered-10mm,Tapered Nozzle 10 mm,component_presence,Catalog Component,Tapered Nozzle 10 mm,,"Renqiu Ailesen welding catalog PDF page 9 (catalog pages 11-12).",A,NEEDS_FACTORY_CONFIRMATION,,,,,evidence_only,,Official company catalog review,2026-08-21,Component candidate only; confirm exact geometry and connection.
24kd-nozzle-tapered-profile,mig-series-24kd,variant,gas-nozzle,Gas Nozzle,1,nozzle-tapered-10mm,Tapered Nozzle 10 mm,profile,Nozzle Profile,Tapered,,"Renqiu Ailesen welding catalog PDF page 9 (catalog pages 11-12).",A,NEEDS_FACTORY_CONFIRMATION,,,,,evidence_only,,Official company catalog review,2026-08-21,Confirm profile against exact product sample or drawing.
24kd-nozzle-tapered-opening,mig-series-24kd,variant,gas-nozzle,Gas Nozzle,1,nozzle-tapered-10mm,Tapered Nozzle 10 mm,opening,Opening Diameter,10,mm,"Renqiu Ailesen welding catalog PDF page 9 (catalog pages 11-12).",A,NEEDS_FACTORY_CONFIRMATION,,,,,evidence_only,,Official company catalog review,2026-08-21,Confirm opening on the exact supplied nozzle.
24kd-nozzle-family-od,mig-series-24kd,family,gas-nozzle,Gas Nozzle,1,gas-nozzle-family,24KD gas nozzle family,outside_diameter,Catalog Diagram Outside Diameter,20,mm,"Renqiu Ailesen welding catalog PDF page 9 (catalog pages 11-12).",A,NEEDS_FACTORY_CONFIRMATION,,,,,evidence_only,,Official company catalog review,2026-08-21,Shared catalog diagram; confirm whether the value applies to every listed nozzle profile.
24kd-nozzle-family-length,mig-series-24kd,family,gas-nozzle,Gas Nozzle,1,gas-nozzle-family,24KD gas nozzle family,overall_length,Catalog Diagram Length,63.5,mm,"Renqiu Ailesen welding catalog PDF page 9 (catalog pages 11-12).",A,NEEDS_FACTORY_CONFIRMATION,,,,,evidence_only,,Official company catalog review,2026-08-21,Shared catalog diagram; confirm whether the value applies to every listed nozzle profile.
24kd-tip-ecu-0-8-presence,mig-series-24kd,variant,contact-tip,Contact Tip,2,contact-tip-ecu-0-8mm,E-Cu Contact Tip 0.8 mm,component_presence,Catalog Component,E-Cu Contact Tip 0.8 mm,,"Renqiu Ailesen welding catalog PDF page 9 (catalog pages 11-12).",A,NEEDS_FACTORY_CONFIRMATION,,,,,evidence_only,,Official company catalog review,2026-08-21,Component candidate only; confirm exact alloy and dimensions.
24kd-tip-ecu-0-8-material,mig-series-24kd,variant,contact-tip,Contact Tip,2,contact-tip-ecu-0-8mm,E-Cu Contact Tip 0.8 mm,material,Catalog Material,E-Cu,,"Renqiu Ailesen welding catalog PDF page 9 (catalog pages 11-12).",A,NEEDS_FACTORY_CONFIRMATION,,,,,evidence_only,,Official company catalog review,2026-08-21,Confirm material grade for the exact supplied product.
24kd-tip-ecu-0-8-wire,mig-series-24kd,variant,contact-tip,Contact Tip,2,contact-tip-ecu-0-8mm,E-Cu Contact Tip 0.8 mm,wire_size,Wire Size,0.8,mm,"Renqiu Ailesen welding catalog PDF page 9 (catalog pages 11-12).",A,NEEDS_FACTORY_CONFIRMATION,,,,,evidence_only,,Official company catalog review,2026-08-21,Confirm bore and marking on the exact product.
24kd-tip-ecu-0-9-presence,mig-series-24kd,variant,contact-tip,Contact Tip,2,contact-tip-ecu-0-9mm,E-Cu Contact Tip 0.9 mm,component_presence,Catalog Component,E-Cu Contact Tip 0.9 mm,,"Renqiu Ailesen welding catalog PDF page 9 (catalog pages 11-12).",A,NEEDS_FACTORY_CONFIRMATION,,,,,evidence_only,,Official company catalog review,2026-08-21,Component candidate only; confirm exact alloy and dimensions.
24kd-tip-ecu-0-9-material,mig-series-24kd,variant,contact-tip,Contact Tip,2,contact-tip-ecu-0-9mm,E-Cu Contact Tip 0.9 mm,material,Catalog Material,E-Cu,,"Renqiu Ailesen welding catalog PDF page 9 (catalog pages 11-12).",A,NEEDS_FACTORY_CONFIRMATION,,,,,evidence_only,,Official company catalog review,2026-08-21,Confirm material grade for the exact supplied product.
24kd-tip-ecu-0-9-wire,mig-series-24kd,variant,contact-tip,Contact Tip,2,contact-tip-ecu-0-9mm,E-Cu Contact Tip 0.9 mm,wire_size,Wire Size,0.9,mm,"Renqiu Ailesen welding catalog PDF page 9 (catalog pages 11-12).",A,NEEDS_FACTORY_CONFIRMATION,,,,,evidence_only,,Official company catalog review,2026-08-21,Confirm bore and marking on the exact product.
24kd-tip-ecu-1-0-presence,mig-series-24kd,variant,contact-tip,Contact Tip,2,contact-tip-ecu-1-0mm,E-Cu Contact Tip 1.0 mm,component_presence,Catalog Component,E-Cu Contact Tip 1.0 mm,,"Renqiu Ailesen welding catalog PDF page 9 (catalog pages 11-12).",A,NEEDS_FACTORY_CONFIRMATION,,,,,evidence_only,,Official company catalog review,2026-08-21,Component candidate only; confirm exact alloy and dimensions.
24kd-tip-ecu-1-0-material,mig-series-24kd,variant,contact-tip,Contact Tip,2,contact-tip-ecu-1-0mm,E-Cu Contact Tip 1.0 mm,material,Catalog Material,E-Cu,,"Renqiu Ailesen welding catalog PDF page 9 (catalog pages 11-12).",A,NEEDS_FACTORY_CONFIRMATION,,,,,evidence_only,,Official company catalog review,2026-08-21,Confirm material grade for the exact supplied product.
24kd-tip-ecu-1-0-wire,mig-series-24kd,variant,contact-tip,Contact Tip,2,contact-tip-ecu-1-0mm,E-Cu Contact Tip 1.0 mm,wire_size,Wire Size,1.0,mm,"Renqiu Ailesen welding catalog PDF page 9 (catalog pages 11-12).",A,NEEDS_FACTORY_CONFIRMATION,,,,,evidence_only,,Official company catalog review,2026-08-21,Confirm bore and marking on the exact product.
24kd-tip-ecu-1-2-presence,mig-series-24kd,variant,contact-tip,Contact Tip,2,contact-tip-ecu-1-2mm,E-Cu Contact Tip 1.2 mm,component_presence,Catalog Component,E-Cu Contact Tip 1.2 mm,,"Renqiu Ailesen welding catalog PDF page 9 (catalog pages 11-12).",A,NEEDS_FACTORY_CONFIRMATION,,,,,evidence_only,,Official company catalog review,2026-08-21,Component candidate only; confirm exact alloy and dimensions.
24kd-tip-ecu-1-2-material,mig-series-24kd,variant,contact-tip,Contact Tip,2,contact-tip-ecu-1-2mm,E-Cu Contact Tip 1.2 mm,material,Catalog Material,E-Cu,,"Renqiu Ailesen welding catalog PDF page 9 (catalog pages 11-12).",A,NEEDS_FACTORY_CONFIRMATION,,,,,evidence_only,,Official company catalog review,2026-08-21,Confirm material grade for the exact supplied product.
24kd-tip-ecu-1-2-wire,mig-series-24kd,variant,contact-tip,Contact Tip,2,contact-tip-ecu-1-2mm,E-Cu Contact Tip 1.2 mm,wire_size,Wire Size,1.2,mm,"Renqiu Ailesen welding catalog PDF page 9 (catalog pages 11-12).",A,NEEDS_FACTORY_CONFIRMATION,,,,,evidence_only,,Official company catalog review,2026-08-21,Confirm bore and marking on the exact product.
24kd-tip-cucrzr-0-8-presence,mig-series-24kd,variant,contact-tip,Contact Tip,2,contact-tip-cucrzr-0-8mm,CuCrZr Contact Tip 0.8 mm,component_presence,Catalog Component,CuCrZr Contact Tip 0.8 mm,,"Renqiu Ailesen welding catalog PDF page 9 (catalog pages 11-12).",A,NEEDS_FACTORY_CONFIRMATION,,,,,evidence_only,,Official company catalog review,2026-08-21,Component candidate only; confirm exact alloy and dimensions.
24kd-tip-cucrzr-0-8-material,mig-series-24kd,variant,contact-tip,Contact Tip,2,contact-tip-cucrzr-0-8mm,CuCrZr Contact Tip 0.8 mm,material,Catalog Material,CuCrZr,,"Renqiu Ailesen welding catalog PDF page 9 (catalog pages 11-12).",A,NEEDS_FACTORY_CONFIRMATION,,,,,evidence_only,,Official company catalog review,2026-08-21,Confirm material grade for the exact supplied product.
24kd-tip-cucrzr-0-8-wire,mig-series-24kd,variant,contact-tip,Contact Tip,2,contact-tip-cucrzr-0-8mm,CuCrZr Contact Tip 0.8 mm,wire_size,Wire Size,0.8,mm,"Renqiu Ailesen welding catalog PDF page 9 (catalog pages 11-12).",A,NEEDS_FACTORY_CONFIRMATION,,,,,evidence_only,,Official company catalog review,2026-08-21,Confirm bore and marking on the exact product.
24kd-tip-cucrzr-1-0-presence,mig-series-24kd,variant,contact-tip,Contact Tip,2,contact-tip-cucrzr-1-0mm,CuCrZr Contact Tip 1.0 mm,component_presence,Catalog Component,CuCrZr Contact Tip 1.0 mm,,"Renqiu Ailesen welding catalog PDF page 9 (catalog pages 11-12).",A,NEEDS_FACTORY_CONFIRMATION,,,,,evidence_only,,Official company catalog review,2026-08-21,Component candidate only; confirm exact alloy and dimensions.
24kd-tip-cucrzr-1-0-material,mig-series-24kd,variant,contact-tip,Contact Tip,2,contact-tip-cucrzr-1-0mm,CuCrZr Contact Tip 1.0 mm,material,Catalog Material,CuCrZr,,"Renqiu Ailesen welding catalog PDF page 9 (catalog pages 11-12).",A,NEEDS_FACTORY_CONFIRMATION,,,,,evidence_only,,Official company catalog review,2026-08-21,Confirm material grade for the exact supplied product.
24kd-tip-cucrzr-1-0-wire,mig-series-24kd,variant,contact-tip,Contact Tip,2,contact-tip-cucrzr-1-0mm,CuCrZr Contact Tip 1.0 mm,wire_size,Wire Size,1.0,mm,"Renqiu Ailesen welding catalog PDF page 9 (catalog pages 11-12).",A,NEEDS_FACTORY_CONFIRMATION,,,,,evidence_only,,Official company catalog review,2026-08-21,Confirm bore and marking on the exact product.
24kd-tip-cucrzr-1-2-presence,mig-series-24kd,variant,contact-tip,Contact Tip,2,contact-tip-cucrzr-1-2mm,CuCrZr Contact Tip 1.2 mm,component_presence,Catalog Component,CuCrZr Contact Tip 1.2 mm,,"Renqiu Ailesen welding catalog PDF page 9 (catalog pages 11-12).",A,NEEDS_FACTORY_CONFIRMATION,,,,,evidence_only,,Official company catalog review,2026-08-21,Component candidate only; confirm exact alloy and dimensions.
24kd-tip-cucrzr-1-2-material,mig-series-24kd,variant,contact-tip,Contact Tip,2,contact-tip-cucrzr-1-2mm,CuCrZr Contact Tip 1.2 mm,material,Catalog Material,CuCrZr,,"Renqiu Ailesen welding catalog PDF page 9 (catalog pages 11-12).",A,NEEDS_FACTORY_CONFIRMATION,,,,,evidence_only,,Official company catalog review,2026-08-21,Confirm material grade for the exact supplied product.
24kd-tip-cucrzr-1-2-wire,mig-series-24kd,variant,contact-tip,Contact Tip,2,contact-tip-cucrzr-1-2mm,CuCrZr Contact Tip 1.2 mm,wire_size,Wire Size,1.2,mm,"Renqiu Ailesen welding catalog PDF page 9 (catalog pages 11-12).",A,NEEDS_FACTORY_CONFIRMATION,,,,,evidence_only,,Official company catalog review,2026-08-21,Confirm bore and marking on the exact product.
24kd-contact-tip-family-thread,mig-series-24kd,family,contact-tip,Contact Tip,2,contact-tip-family,24KD contact tip family,thread,Catalog Thread,M6,,"Renqiu Ailesen welding catalog PDF page 9 (catalog pages 11-12).",A,NEEDS_FACTORY_CONFIRMATION,,,,,evidence_only,,Official company catalog review,2026-08-21,Shared catalog diagram; confirm thread on every supplied variant.
24kd-contact-tip-family-length,mig-series-24kd,family,contact-tip,Contact Tip,2,contact-tip-family,24KD contact tip family,overall_length,Catalog Length,28,mm,"Renqiu Ailesen welding catalog PDF page 9 (catalog pages 11-12).",A,NEEDS_FACTORY_CONFIRMATION,,,,,evidence_only,,Official company catalog review,2026-08-21,Shared catalog diagram; confirm length on every supplied variant.
24kd-contact-tip-family-od,mig-series-24kd,family,contact-tip,Contact Tip,2,contact-tip-family,24KD contact tip family,outside_diameter,Catalog Body Diameter,8,mm,"Renqiu Ailesen welding catalog PDF page 9 (catalog pages 11-12).",A,NEEDS_FACTORY_CONFIRMATION,,,,,evidence_only,,Official company catalog review,2026-08-21,Shared catalog diagram; confirm body diameter on every supplied variant.
24kd-tip-holder-presence,mig-series-24kd,variant,tip-holder,Contact Tip Holder,3,tip-holder,Contact Tip Holder,component_presence,Catalog Component,Contact Tip Holder,,"Renqiu Ailesen welding catalog PDF page 9 (catalog pages 11-12).",A,NEEDS_FACTORY_CONFIRMATION,,,,,evidence_only,,Official company catalog review,2026-08-21,Component candidate only; confirm exact connection geometry.
24kd-tip-holder-thread,mig-series-24kd,variant,tip-holder,Contact Tip Holder,3,tip-holder,Contact Tip Holder,thread,Catalog Threads,M6 / M6,,"Renqiu Ailesen welding catalog PDF page 9 (catalog pages 11-12).",A,NEEDS_FACTORY_CONFIRMATION,,,,,evidence_only,,Official company catalog review,2026-08-21,Diagram shows M6 at both ends; confirm pitch and seating details.
24kd-tip-holder-length,mig-series-24kd,variant,tip-holder,Contact Tip Holder,3,tip-holder,Contact Tip Holder,overall_length,Catalog Length,26,mm,"Renqiu Ailesen welding catalog PDF page 9 (catalog pages 11-12).",A,NEEDS_FACTORY_CONFIRMATION,,,,,evidence_only,,Official company catalog review,2026-08-21,Confirm on the exact supplied holder.
24kd-diffuser-dmc-presence,mig-series-24kd,variant,gas-diffuser,Gas Diffuser,4,gas-diffuser-dmc,Gas Diffuser DMC,component_presence,Catalog Component,Gas Diffuser DMC,,"Renqiu Ailesen welding catalog PDF page 9 (catalog pages 11-12).",A,NEEDS_FACTORY_CONFIRMATION,,,,,evidence_only,,Official company catalog review,2026-08-21,Component candidate only; DMC meaning and material require factory confirmation.
24kd-diffuser-dmc-variant,mig-series-24kd,variant,gas-diffuser,Gas Diffuser,4,gas-diffuser-dmc,Gas Diffuser DMC,variant,Catalog Variant,DMC,,"Renqiu Ailesen welding catalog PDF page 9 (catalog pages 11-12).",A,NEEDS_FACTORY_CONFIRMATION,,,,,evidence_only,,Official company catalog review,2026-08-21,Do not infer material from the DMC label.
24kd-diffuser-ceramic-presence,mig-series-24kd,variant,gas-diffuser,Gas Diffuser,4,gas-diffuser-ceramic,Gas Diffuser Ceramic,component_presence,Catalog Component,Gas Diffuser Ceramic,,"Renqiu Ailesen welding catalog PDF page 9 (catalog pages 11-12).",A,NEEDS_FACTORY_CONFIRMATION,,,,,evidence_only,,Official company catalog review,2026-08-21,Component candidate only; confirm exact material and connection.
24kd-diffuser-ceramic-variant,mig-series-24kd,variant,gas-diffuser,Gas Diffuser,4,gas-diffuser-ceramic,Gas Diffuser Ceramic,variant,Catalog Variant,Ceramic,,"Renqiu Ailesen welding catalog PDF page 9 (catalog pages 11-12).",A,NEEDS_FACTORY_CONFIRMATION,,,,,evidence_only,,Official company catalog review,2026-08-21,Catalog variant wording only; confirm the supplied construction.
24kd-diffuser-family-length,mig-series-24kd,family,gas-diffuser,Gas Diffuser,4,gas-diffuser-family,24KD gas diffuser family,overall_length,Catalog Diagram Length,20,mm,"Renqiu Ailesen welding catalog PDF page 9 (catalog pages 11-12).",A,NEEDS_FACTORY_CONFIRMATION,,,,,evidence_only,,Official company catalog review,2026-08-21,Shared catalog diagram; confirm whether the value applies to both variants.
24kd-swan-neck-presence,mig-series-24kd,variant,swan-neck,Swan Neck,5,swan-neck,Swan Neck,component_presence,Catalog Component,Swan Neck,,"Renqiu Ailesen welding catalog PDF page 9 (catalog pages 11-12).",A,NEEDS_FACTORY_CONFIRMATION,,,,,evidence_only,,Official company catalog review,2026-08-21,Component candidate only; exact bend and rear connection require confirmation.
24kd-swan-neck-thread,mig-series-24kd,variant,swan-neck,Swan Neck,5,swan-neck,Swan Neck,thread,Catalog Front Thread,M6,,"Renqiu Ailesen welding catalog PDF page 9 (catalog pages 11-12).",A,NEEDS_FACTORY_CONFIRMATION,,,,,evidence_only,,Official company catalog review,2026-08-21,Confirm pitch and connection geometry on the exact supplied neck.
24kd-cable-support-spring-presence,mig-series-24kd,variant,cable-support-spring,Cable Support Spring,6,cable-support-spring,Cable Support Spring,component_presence,Catalog Component,Cable Support Spring,,"Renqiu Ailesen welding catalog PDF page 9 (catalog pages 11-12).",A,NEEDS_FACTORY_CONFIRMATION,,,,,evidence_only,,Official company catalog review,2026-08-21,Component candidate only; dimensions are not provided.
24kd-rear-handle-presence,mig-series-24kd,variant,rear-handle,Rear Handle,7,rear-handle,Rear Handle,component_presence,Catalog Component,Rear Handle,,"Renqiu Ailesen welding catalog PDF page 9 (catalog pages 11-12).",A,NEEDS_FACTORY_CONFIRMATION,,,,,evidence_only,,Official company catalog review,2026-08-21,Component candidate only; dimensions and connection are not provided.
24kd-adaptor-nut-presence,mig-series-24kd,variant,adaptor-nut,Adaptor Nut,8,adaptor-nut,Adaptor Nut,component_presence,Catalog Component,Adaptor Nut,,"Renqiu Ailesen welding catalog PDF page 9 (catalog pages 11-12).",A,NEEDS_FACTORY_CONFIRMATION,,,,,evidence_only,,Official company catalog review,2026-08-21,Component candidate only; thread is not provided.
24kd-euro-connector-presence,mig-series-24kd,variant,euro-connector,Euro Connector,9,euro-connector,Euro Connector,component_presence,Catalog Component,Euro Connector,,"Renqiu Ailesen welding catalog PDF page 9 (catalog pages 11-12).",A,NEEDS_FACTORY_CONFIRMATION,,,,,evidence_only,,Official company catalog review,2026-08-21,Component candidate only; exact interface and pin arrangement require confirmation.
24kd-euro-connector-type,mig-series-24kd,variant,euro-connector,Euro Connector,9,euro-connector,Euro Connector,connection,Catalog Connection Type,Euro Connector,,"Renqiu Ailesen welding catalog PDF page 9 (catalog pages 11-12).",A,NEEDS_FACTORY_CONFIRMATION,,,,,evidence_only,,Official company catalog review,2026-08-21,Trade description only; confirm the complete machine-side interface.
24kd-nut-m10-presence,mig-series-24kd,variant,connector-nut,Connector Nut,10,nut-m10x1,Nut M10 x 1,component_presence,Catalog Component,Nut M10 x 1,,"Renqiu Ailesen welding catalog PDF page 9 (catalog pages 11-12).",A,NEEDS_FACTORY_CONFIRMATION,,,,,evidence_only,,Official company catalog review,2026-08-21,Component candidate only; confirm mating connection.
24kd-nut-m10-thread,mig-series-24kd,variant,connector-nut,Connector Nut,10,nut-m10x1,Nut M10 x 1,thread,Catalog Thread,M10 x 1,,"Renqiu Ailesen welding catalog PDF page 9 (catalog pages 11-12).",A,NEEDS_FACTORY_CONFIRMATION,,,,,evidence_only,,Official company catalog review,2026-08-21,Confirm thread and handedness on the exact product.
24kd-liner-3-5m-presence,mig-series-24kd,variant,torch-liner,Torch Liner,11,liner-3-5m,Torch Liner 3.5 m,component_presence,Catalog Component,Torch Liner for 0.8-1.2 mm wire / 3.5 m,,"Renqiu Ailesen welding catalog PDF page 9 (catalog pages 11-12).",A,NEEDS_FACTORY_CONFIRMATION,,,,,evidence_only,,Official company catalog review,2026-08-21,Component candidate only; liner ends and construction require confirmation.
24kd-liner-3-5m-wire,mig-series-24kd,variant,torch-liner,Torch Liner,11,liner-3-5m,Torch Liner 3.5 m,wire_size,Catalog Wire Size,0.8-1.2,mm,"Renqiu Ailesen welding catalog PDF page 9 (catalog pages 11-12).",A,NEEDS_FACTORY_CONFIRMATION,,,,,evidence_only,,Official company catalog review,2026-08-21,Confirm actual wire range for the supplied liner.
24kd-liner-3-5m-length,mig-series-24kd,variant,torch-liner,Torch Liner,11,liner-3-5m,Torch Liner 3.5 m,cable_length,Catalog Liner Length,3.5,m,"Renqiu Ailesen welding catalog PDF page 9 (catalog pages 11-12).",A,NEEDS_FACTORY_CONFIRMATION,,,,,evidence_only,,Official company catalog review,2026-08-21,Confirm actual supplied liner length.
24kd-liner-5-5m-presence,mig-series-24kd,variant,torch-liner,Torch Liner,11,liner-5-5m,Torch Liner 5.5 m,component_presence,Catalog Component,Torch Liner for 0.8-1.2 mm wire / 5.5 m,,"Renqiu Ailesen welding catalog PDF page 9 (catalog pages 11-12).",A,NEEDS_FACTORY_CONFIRMATION,,,,,evidence_only,,Official company catalog review,2026-08-21,Component candidate only; liner ends and construction require confirmation.
24kd-liner-5-5m-wire,mig-series-24kd,variant,torch-liner,Torch Liner,11,liner-5-5m,Torch Liner 5.5 m,wire_size,Catalog Wire Size,0.8-1.2,mm,"Renqiu Ailesen welding catalog PDF page 9 (catalog pages 11-12).",A,NEEDS_FACTORY_CONFIRMATION,,,,,evidence_only,,Official company catalog review,2026-08-21,Confirm actual wire range for the supplied liner.
24kd-liner-5-5m-length,mig-series-24kd,variant,torch-liner,Torch Liner,11,liner-5-5m,Torch Liner 5.5 m,cable_length,Catalog Liner Length,5.5,m,"Renqiu Ailesen welding catalog PDF page 9 (catalog pages 11-12).",A,NEEDS_FACTORY_CONFIRMATION,,,,,evidence_only,,Official company catalog review,2026-08-21,Confirm actual supplied liner length.
25ak-series-designation,mig-series-25ak,series,25ak-series,25AK Catalog Reference Group,,25ak-series,25AK catalog reference group,series_designation,Series Designation,ORK 25AK,,"Renqiu Ailesen welding catalog PDF page 10 (catalog pages 13-14).",A,NEEDS_FACTORY_CONFIRMATION,,,,,evidence_only,,Official company catalog review,2026-08-21,Catalog designation does not create a confirmed ArcFort Weld product series.
25ak-series-compatibility,mig-series-25ak,series,25ak-series,25AK Catalog Reference Group,,25ak-series,25AK catalog reference group,compatibility_statement,Catalog Compatibility Wording,Compatible orch and Parts For BINZEL,,"Renqiu Ailesen welding catalog PDF page 10 (catalog pages 13-14).",A,NEEDS_FACTORY_CONFIRMATION,,,,,evidence_only,,Official company catalog review,2026-08-21,Retain the visible catalog wording only; it does not prove compatibility for any ArcFort Weld SKU.
25ak-series-cooling,mig-series-25ak,series,25ak-series,25AK Catalog Reference Group,,25ak-series,25AK catalog reference group,cooling_method,Cooling Method,Air cooled,,"Renqiu Ailesen welding catalog PDF page 10 (catalog pages 13-14).",A,NEEDS_FACTORY_CONFIRMATION,,,,,evidence_only,,Official company catalog review,2026-08-21,Confirm the supplied complete-torch construction before publication.
25ak-series-rating-conflict,mig-series-25ak,series,25ak-series,25AK Catalog Reference Group,,25ak-series,25AK catalog reference group,rating,Catalog Rating,100 A CO2 / 100 A mixed gases,,"Renqiu Ailesen welding catalog PDF page 10 (catalog pages 13-14).",A,DATA_CONFLICT,official_oem_catalog,https://www.binzel-abicor.com/uploads/Content/Germany/PDF-Files/PDF_Files_MIGMAG/English/migmag-katalog_pro_m277gb_2_0-v1_web.pdf,230 A CO2 / 200 A mixed gases,Company catalog value conflicts with the official ABICOR BINZEL MB GRIP 25 AK reference; do not publish either as an ArcFort Weld rating.,blocked,,Official company catalog and OEM primary-source comparison,2026-08-21,Requires a factory specification or controlled product test for the exact supplied torch.
25ak-series-duty-cycle-conflict,mig-series-25ak,series,25ak-series,25AK Catalog Reference Group,,25ak-series,25AK catalog reference group,duty_cycle,Catalog Duty Cycle,35,%,"Renqiu Ailesen welding catalog PDF page 10 (catalog pages 13-14).",A,DATA_CONFLICT,official_oem_catalog,https://www.binzel-abicor.com/uploads/Content/Germany/PDF-Files/PDF_Files_MIGMAG/English/migmag-katalog_pro_m277gb_2_0-v1_web.pdf,60%,Company catalog value conflicts with the official ABICOR BINZEL MB GRIP 25 AK reference; do not publish either as an ArcFort Weld duty cycle.,blocked,,Official company catalog and OEM primary-source comparison,2026-08-21,Requires a factory specification or controlled product test for the exact supplied torch.
25ak-series-wire-size-conflict,mig-series-25ak,series,25ak-series,25AK Catalog Reference Group,,25ak-series,25AK catalog reference group,wire_size,Catalog Wire Size,0.6-1.0,mm,"Renqiu Ailesen welding catalog PDF page 10 (catalog pages 13-14).",A,DATA_CONFLICT,official_oem_catalog,https://www.binzel-abicor.com/uploads/Content/Germany/PDF-Files/PDF_Files_MIGMAG/English/migmag-katalog_pro_m277gb_2_0-v1_web.pdf,0.8-1.2 mm,Company catalog value conflicts with the official ABICOR BINZEL MB GRIP 25 AK reference; do not publish either as an ArcFort Weld wire-size range.,blocked,,Official company catalog and OEM primary-source comparison,2026-08-21,Requires a factory specification or controlled product test for the exact supplied torch.
25ak-complete-torch-3m-presence,mig-series-25ak,variant,complete-torch,Complete MIG/MAG Welding Torch,assembly,complete-torch-3m,ORK 25AK Complete Torch 3M,component_presence,Catalog Component,ORK 25AK Complete Torch 3M,,"Renqiu Ailesen welding catalog PDF page 10 (catalog pages 13-14).",A,NEEDS_FACTORY_CONFIRMATION,,,,,evidence_only,,Official company catalog review,2026-08-21,Component candidate only; no ArcFort Weld SKU has been assigned.
25ak-complete-torch-3m-length,mig-series-25ak,variant,complete-torch,Complete MIG/MAG Welding Torch,assembly,complete-torch-3m,ORK 25AK Complete Torch 3M,cable_length,Catalog Cable Length,3,m,"Renqiu Ailesen welding catalog PDF page 10 (catalog pages 13-14).",A,NEEDS_FACTORY_CONFIRMATION,,,,,evidence_only,,Official company catalog review,2026-08-21,Confirm actual supplied cable length.
25ak-complete-torch-5m-presence,mig-series-25ak,variant,complete-torch,Complete MIG/MAG Welding Torch,assembly,complete-torch-5m,ORK 25AK Complete Torch 5M,component_presence,Catalog Component,ORK 25AK Complete Torch 5M,,"Renqiu Ailesen welding catalog PDF page 10 (catalog pages 13-14).",A,NEEDS_FACTORY_CONFIRMATION,,,,,evidence_only,,Official company catalog review,2026-08-21,Component candidate only; no ArcFort Weld SKU has been assigned.
25ak-complete-torch-5m-length,mig-series-25ak,variant,complete-torch,Complete MIG/MAG Welding Torch,assembly,complete-torch-5m,ORK 25AK Complete Torch 5M,cable_length,Catalog Cable Length,5,m,"Renqiu Ailesen welding catalog PDF page 10 (catalog pages 13-14).",A,NEEDS_FACTORY_CONFIRMATION,,,,,evidence_only,,Official company catalog review,2026-08-21,Confirm actual supplied cable length.
25ak-nozzle-cylindrical-presence,mig-series-25ak,variant,gas-nozzle,Gas Nozzle,1,nozzle-cylindrical-18mm,Cylindrical Nozzle 18 mm,component_presence,Catalog Component,Cylindrical Nozzle 18 mm,,"Renqiu Ailesen welding catalog PDF page 10 (catalog pages 13-14).",A,NEEDS_FACTORY_CONFIRMATION,,,,,evidence_only,,Official company catalog review,2026-08-21,Component candidate only; profile dimensions require exact-product confirmation.
25ak-nozzle-cylindrical-profile,mig-series-25ak,variant,gas-nozzle,Gas Nozzle,1,nozzle-cylindrical-18mm,Cylindrical Nozzle 18 mm,profile,Catalog Nozzle Profile,Cylindrical,,"Renqiu Ailesen welding catalog PDF page 10 (catalog pages 13-14).",A,NEEDS_FACTORY_CONFIRMATION,,,,,evidence_only,,Official company catalog review,2026-08-21,Confirm exact profile against the supplied product.
25ak-nozzle-cylindrical-opening,mig-series-25ak,variant,gas-nozzle,Gas Nozzle,1,nozzle-cylindrical-18mm,Cylindrical Nozzle 18 mm,opening,Catalog Nozzle Opening,18,mm,"Renqiu Ailesen welding catalog PDF page 10 (catalog pages 13-14).",A,NEEDS_FACTORY_CONFIRMATION,,,,,evidence_only,,Official company catalog review,2026-08-21,Confirm opening diameter on the exact nozzle.
25ak-nozzle-conical-presence,mig-series-25ak,variant,gas-nozzle,Gas Nozzle,1,nozzle-conical-15mm,Conical Nozzle 15 mm,component_presence,Catalog Component,Conical Nozzle 15 mm,,"Renqiu Ailesen welding catalog PDF page 10 (catalog pages 13-14).",A,NEEDS_FACTORY_CONFIRMATION,,,,,evidence_only,,Official company catalog review,2026-08-21,Component candidate only; profile dimensions require exact-product confirmation.
25ak-nozzle-conical-profile,mig-series-25ak,variant,gas-nozzle,Gas Nozzle,1,nozzle-conical-15mm,Conical Nozzle 15 mm,profile,Catalog Nozzle Profile,Conical,,"Renqiu Ailesen welding catalog PDF page 10 (catalog pages 13-14).",A,NEEDS_FACTORY_CONFIRMATION,,,,,evidence_only,,Official company catalog review,2026-08-21,Confirm exact profile against the supplied product.
25ak-nozzle-conical-opening,mig-series-25ak,variant,gas-nozzle,Gas Nozzle,1,nozzle-conical-15mm,Conical Nozzle 15 mm,opening,Catalog Nozzle Opening,15,mm,"Renqiu Ailesen welding catalog PDF page 10 (catalog pages 13-14).",A,NEEDS_FACTORY_CONFIRMATION,,,,,evidence_only,,Official company catalog review,2026-08-21,Confirm opening diameter on the exact nozzle.
25ak-nozzle-tapered-presence,mig-series-25ak,variant,gas-nozzle,Gas Nozzle,1,nozzle-tapered-11-5mm,Tapered Nozzle 11.5 mm,component_presence,Catalog Component,Tapered Nozzle 11.5 mm,,"Renqiu Ailesen welding catalog PDF page 10 (catalog pages 13-14).",A,NEEDS_FACTORY_CONFIRMATION,,,,,evidence_only,,Official company catalog review,2026-08-21,Component candidate only; profile dimensions require exact-product confirmation.
25ak-nozzle-tapered-profile,mig-series-25ak,variant,gas-nozzle,Gas Nozzle,1,nozzle-tapered-11-5mm,Tapered Nozzle 11.5 mm,profile,Catalog Nozzle Profile,Tapered,,"Renqiu Ailesen welding catalog PDF page 10 (catalog pages 13-14).",A,NEEDS_FACTORY_CONFIRMATION,,,,,evidence_only,,Official company catalog review,2026-08-21,Confirm exact profile against the supplied product.
25ak-nozzle-tapered-opening,mig-series-25ak,variant,gas-nozzle,Gas Nozzle,1,nozzle-tapered-11-5mm,Tapered Nozzle 11.5 mm,opening,Catalog Nozzle Opening,11.5,mm,"Renqiu Ailesen welding catalog PDF page 10 (catalog pages 13-14).",A,NEEDS_FACTORY_CONFIRMATION,,,,,evidence_only,,Official company catalog review,2026-08-21,Confirm opening diameter on the exact nozzle.
25ak-nozzle-family-diameter,mig-series-25ak,family,gas-nozzle,Gas Nozzle,1,nozzle-family,Gas Nozzle family,outside_diameter,Catalog Outside Diameter,22,mm,"Renqiu Ailesen welding catalog PDF page 10 (catalog pages 13-14).",A,NEEDS_FACTORY_CONFIRMATION,,,,,evidence_only,,Official company catalog review,2026-08-21,The catalog diagram appears shared; confirm this value for every exact profile.
25ak-nozzle-family-length,mig-series-25ak,family,gas-nozzle,Gas Nozzle,1,nozzle-family,Gas Nozzle family,overall_length,Catalog Overall Length,57,mm,"Renqiu Ailesen welding catalog PDF page 10 (catalog pages 13-14).",A,NEEDS_FACTORY_CONFIRMATION,,,,,evidence_only,,Official company catalog review,2026-08-21,The catalog diagram appears shared; confirm this value for every exact profile.
25ak-tip-ecu-0-8-presence,mig-series-25ak,variant,contact-tip,Contact Tip,2,contact-tip-ecu-0-8mm,E-Cu Contact Tip 0.8 mm,component_presence,Catalog Component,E-Cu Contact Tip 0.8 mm,,"Renqiu Ailesen welding catalog PDF page 10 (catalog pages 13-14).",A,NEEDS_FACTORY_CONFIRMATION,,,,,evidence_only,,Official company catalog review,2026-08-21,Component candidate only; exact marking and geometry require confirmation.
25ak-tip-ecu-0-8-material,mig-series-25ak,variant,contact-tip,Contact Tip,2,contact-tip-ecu-0-8mm,E-Cu Contact Tip 0.8 mm,material,Catalog Material,E-Cu,,"Renqiu Ailesen welding catalog PDF page 10 (catalog pages 13-14).",A,NEEDS_FACTORY_CONFIRMATION,,,,,evidence_only,,Official company catalog review,2026-08-21,Confirm material on the exact supplied part.
25ak-tip-ecu-0-8-wire,mig-series-25ak,variant,contact-tip,Contact Tip,2,contact-tip-ecu-0-8mm,E-Cu Contact Tip 0.8 mm,wire_size,Catalog Wire Size,0.8,mm,"Renqiu Ailesen welding catalog PDF page 10 (catalog pages 13-14).",A,NEEDS_FACTORY_CONFIRMATION,,,,,evidence_only,,Official company catalog review,2026-08-21,Confirm wire-size marking and opening.
25ak-tip-ecu-0-9-presence,mig-series-25ak,variant,contact-tip,Contact Tip,2,contact-tip-ecu-0-9mm,E-Cu Contact Tip 0.9 mm,component_presence,Catalog Component,E-Cu Contact Tip 0.9 mm,,"Renqiu Ailesen welding catalog PDF page 10 (catalog pages 13-14).",A,NEEDS_FACTORY_CONFIRMATION,,,,,evidence_only,,Official company catalog review,2026-08-21,Component candidate only; exact marking and geometry require confirmation.
25ak-tip-ecu-0-9-material,mig-series-25ak,variant,contact-tip,Contact Tip,2,contact-tip-ecu-0-9mm,E-Cu Contact Tip 0.9 mm,material,Catalog Material,E-Cu,,"Renqiu Ailesen welding catalog PDF page 10 (catalog pages 13-14).",A,NEEDS_FACTORY_CONFIRMATION,,,,,evidence_only,,Official company catalog review,2026-08-21,Confirm material on the exact supplied part.
25ak-tip-ecu-0-9-wire,mig-series-25ak,variant,contact-tip,Contact Tip,2,contact-tip-ecu-0-9mm,E-Cu Contact Tip 0.9 mm,wire_size,Catalog Wire Size,0.9,mm,"Renqiu Ailesen welding catalog PDF page 10 (catalog pages 13-14).",A,NEEDS_FACTORY_CONFIRMATION,,,,,evidence_only,,Official company catalog review,2026-08-21,Confirm wire-size marking and opening.
25ak-tip-ecu-1-0-presence,mig-series-25ak,variant,contact-tip,Contact Tip,2,contact-tip-ecu-1-0mm,E-Cu Contact Tip 1.0 mm,component_presence,Catalog Component,E-Cu Contact Tip 1.0 mm,,"Renqiu Ailesen welding catalog PDF page 10 (catalog pages 13-14).",A,NEEDS_FACTORY_CONFIRMATION,,,,,evidence_only,,Official company catalog review,2026-08-21,Component candidate only; exact marking and geometry require confirmation.
25ak-tip-ecu-1-0-material,mig-series-25ak,variant,contact-tip,Contact Tip,2,contact-tip-ecu-1-0mm,E-Cu Contact Tip 1.0 mm,material,Catalog Material,E-Cu,,"Renqiu Ailesen welding catalog PDF page 10 (catalog pages 13-14).",A,NEEDS_FACTORY_CONFIRMATION,,,,,evidence_only,,Official company catalog review,2026-08-21,Confirm material on the exact supplied part.
25ak-tip-ecu-1-0-wire,mig-series-25ak,variant,contact-tip,Contact Tip,2,contact-tip-ecu-1-0mm,E-Cu Contact Tip 1.0 mm,wire_size,Catalog Wire Size,1.0,mm,"Renqiu Ailesen welding catalog PDF page 10 (catalog pages 13-14).",A,NEEDS_FACTORY_CONFIRMATION,,,,,evidence_only,,Official company catalog review,2026-08-21,Confirm wire-size marking and opening.
25ak-tip-ecu-1-2-presence,mig-series-25ak,variant,contact-tip,Contact Tip,2,contact-tip-ecu-1-2mm,E-Cu Contact Tip 1.2 mm,component_presence,Catalog Component,E-Cu Contact Tip 1.2 mm,,"Renqiu Ailesen welding catalog PDF page 10 (catalog pages 13-14).",A,NEEDS_FACTORY_CONFIRMATION,,,,,evidence_only,,Official company catalog review,2026-08-21,Component candidate only; exact marking and geometry require confirmation.
25ak-tip-ecu-1-2-material,mig-series-25ak,variant,contact-tip,Contact Tip,2,contact-tip-ecu-1-2mm,E-Cu Contact Tip 1.2 mm,material,Catalog Material,E-Cu,,"Renqiu Ailesen welding catalog PDF page 10 (catalog pages 13-14).",A,NEEDS_FACTORY_CONFIRMATION,,,,,evidence_only,,Official company catalog review,2026-08-21,Confirm material on the exact supplied part.
25ak-tip-ecu-1-2-wire,mig-series-25ak,variant,contact-tip,Contact Tip,2,contact-tip-ecu-1-2mm,E-Cu Contact Tip 1.2 mm,wire_size,Catalog Wire Size,1.2,mm,"Renqiu Ailesen welding catalog PDF page 10 (catalog pages 13-14).",A,NEEDS_FACTORY_CONFIRMATION,,,,,evidence_only,,Official company catalog review,2026-08-21,Confirm wire-size marking and opening.
25ak-tip-cucrzr-0-8-presence,mig-series-25ak,variant,contact-tip,Contact Tip,2,contact-tip-cucrzr-0-8mm,CuCrZr Contact Tip 0.8 mm,component_presence,Catalog Component,CuCrZr Contact Tip 0.8 mm,,"Renqiu Ailesen welding catalog PDF page 10 (catalog pages 13-14).",A,NEEDS_FACTORY_CONFIRMATION,,,,,evidence_only,,Official company catalog review,2026-08-21,Component candidate only; exact marking and geometry require confirmation.
25ak-tip-cucrzr-0-8-material,mig-series-25ak,variant,contact-tip,Contact Tip,2,contact-tip-cucrzr-0-8mm,CuCrZr Contact Tip 0.8 mm,material,Catalog Material,CuCrZr,,"Renqiu Ailesen welding catalog PDF page 10 (catalog pages 13-14).",A,NEEDS_FACTORY_CONFIRMATION,,,,,evidence_only,,Official company catalog review,2026-08-21,Confirm alloy grade on the exact supplied part.
25ak-tip-cucrzr-0-8-wire,mig-series-25ak,variant,contact-tip,Contact Tip,2,contact-tip-cucrzr-0-8mm,CuCrZr Contact Tip 0.8 mm,wire_size,Catalog Wire Size,0.8,mm,"Renqiu Ailesen welding catalog PDF page 10 (catalog pages 13-14).",A,NEEDS_FACTORY_CONFIRMATION,,,,,evidence_only,,Official company catalog review,2026-08-21,Confirm wire-size marking and opening.
25ak-tip-cucrzr-1-0-presence,mig-series-25ak,variant,contact-tip,Contact Tip,2,contact-tip-cucrzr-1-0mm,CuCrZr Contact Tip 1.0 mm,component_presence,Catalog Component,CuCrZr Contact Tip 1.0 mm,,"Renqiu Ailesen welding catalog PDF page 10 (catalog pages 13-14).",A,NEEDS_FACTORY_CONFIRMATION,,,,,evidence_only,,Official company catalog review,2026-08-21,Component candidate only; exact marking and geometry require confirmation.
25ak-tip-cucrzr-1-0-material,mig-series-25ak,variant,contact-tip,Contact Tip,2,contact-tip-cucrzr-1-0mm,CuCrZr Contact Tip 1.0 mm,material,Catalog Material,CuCrZr,,"Renqiu Ailesen welding catalog PDF page 10 (catalog pages 13-14).",A,NEEDS_FACTORY_CONFIRMATION,,,,,evidence_only,,Official company catalog review,2026-08-21,Confirm alloy grade on the exact supplied part.
25ak-tip-cucrzr-1-0-wire,mig-series-25ak,variant,contact-tip,Contact Tip,2,contact-tip-cucrzr-1-0mm,CuCrZr Contact Tip 1.0 mm,wire_size,Catalog Wire Size,1.0,mm,"Renqiu Ailesen welding catalog PDF page 10 (catalog pages 13-14).",A,NEEDS_FACTORY_CONFIRMATION,,,,,evidence_only,,Official company catalog review,2026-08-21,Confirm wire-size marking and opening.
25ak-tip-cucrzr-1-2-presence,mig-series-25ak,variant,contact-tip,Contact Tip,2,contact-tip-cucrzr-1-2mm,CuCrZr Contact Tip 1.2 mm,component_presence,Catalog Component,CuCrZr Contact Tip 1.2 mm,,"Renqiu Ailesen welding catalog PDF page 10 (catalog pages 13-14).",A,NEEDS_FACTORY_CONFIRMATION,,,,,evidence_only,,Official company catalog review,2026-08-21,Component candidate only; exact marking and geometry require confirmation.
25ak-tip-cucrzr-1-2-material,mig-series-25ak,variant,contact-tip,Contact Tip,2,contact-tip-cucrzr-1-2mm,CuCrZr Contact Tip 1.2 mm,material,Catalog Material,CuCrZr,,"Renqiu Ailesen welding catalog PDF page 10 (catalog pages 13-14).",A,NEEDS_FACTORY_CONFIRMATION,,,,,evidence_only,,Official company catalog review,2026-08-21,Confirm alloy grade on the exact supplied part.
25ak-tip-cucrzr-1-2-wire,mig-series-25ak,variant,contact-tip,Contact Tip,2,contact-tip-cucrzr-1-2mm,CuCrZr Contact Tip 1.2 mm,wire_size,Catalog Wire Size,1.2,mm,"Renqiu Ailesen welding catalog PDF page 10 (catalog pages 13-14).",A,NEEDS_FACTORY_CONFIRMATION,,,,,evidence_only,,Official company catalog review,2026-08-21,Confirm wire-size marking and opening.
25ak-tip-family-thread,mig-series-25ak,family,contact-tip,Contact Tip,2,contact-tip-family,Contact Tip family,thread,Catalog Thread,M6,,"Renqiu Ailesen welding catalog PDF page 10 (catalog pages 13-14).",A,NEEDS_FACTORY_CONFIRMATION,,,,,evidence_only,,Official company catalog review,2026-08-21,Confirm thread on every exact contact-tip variant.
25ak-tip-family-length,mig-series-25ak,family,contact-tip,Contact Tip,2,contact-tip-family,Contact Tip family,overall_length,Catalog Overall Length,28,mm,"Renqiu Ailesen welding catalog PDF page 10 (catalog pages 13-14).",A,NEEDS_FACTORY_CONFIRMATION,,,,,evidence_only,,Official company catalog review,2026-08-21,Confirm length on every exact contact-tip variant.
25ak-tip-family-diameter,mig-series-25ak,family,contact-tip,Contact Tip,2,contact-tip-family,Contact Tip family,outside_diameter,Catalog Body Diameter,8,mm,"Renqiu Ailesen welding catalog PDF page 10 (catalog pages 13-14).",A,NEEDS_FACTORY_CONFIRMATION,,,,,evidence_only,,Official company catalog review,2026-08-21,Confirm body diameter on every exact contact-tip variant.
25ak-tip-holder-presence,mig-series-25ak,variant,tip-holder,Contact Tip Holder,3,tip-holder,Contact Tip Holder,component_presence,Catalog Component,Contact Tip Holder,,"Renqiu Ailesen welding catalog PDF page 10 (catalog pages 13-14).",A,NEEDS_FACTORY_CONFIRMATION,,,,,evidence_only,,Official company catalog review,2026-08-21,Component candidate only; both mating interfaces require confirmation.
25ak-tip-holder-neck-thread,mig-series-25ak,variant,tip-holder,Contact Tip Holder,3,tip-holder,Contact Tip Holder,connection,Catalog Swan-Neck Side Thread,M8,,"Renqiu Ailesen welding catalog PDF page 10 (catalog pages 13-14).",A,NEEDS_FACTORY_CONFIRMATION,,,,,evidence_only,,Official company catalog review,2026-08-21,Confirm thread and handedness on the exact holder.
25ak-tip-holder-tip-thread,mig-series-25ak,variant,tip-holder,Contact Tip Holder,3,tip-holder,Contact Tip Holder,connection,Catalog Contact-Tip Side Thread,M6,,"Renqiu Ailesen welding catalog PDF page 10 (catalog pages 13-14).",A,NEEDS_FACTORY_CONFIRMATION,,,,,evidence_only,,Official company catalog review,2026-08-21,Confirm thread and mating geometry on the exact holder.
25ak-tip-holder-length,mig-series-25ak,variant,tip-holder,Contact Tip Holder,3,tip-holder,Contact Tip Holder,overall_length,Catalog Overall Length,35,mm,"Renqiu Ailesen welding catalog PDF page 10 (catalog pages 13-14).",A,NEEDS_FACTORY_CONFIRMATION,,,,,evidence_only,,Official company catalog review,2026-08-21,Confirm length on the exact holder.
25ak-swan-neck-presence,mig-series-25ak,variant,swan-neck,Swan Neck,4,swan-neck,Swan Neck,component_presence,Catalog Component,Swan Neck,,"Renqiu Ailesen welding catalog PDF page 10 (catalog pages 13-14).",A,NEEDS_FACTORY_CONFIRMATION,,,,,evidence_only,,Official company catalog review,2026-08-21,Component candidate only; bend and both connections require confirmation.
25ak-swan-neck-front-thread,mig-series-25ak,variant,swan-neck,Swan Neck,4,swan-neck,Swan Neck,connection,Catalog Front Thread,M8,,"Renqiu Ailesen welding catalog PDF page 10 (catalog pages 13-14).",A,NEEDS_FACTORY_CONFIRMATION,,,,,evidence_only,,Official company catalog review,2026-08-21,Confirm thread and handedness on the exact swan neck.
25ak-cable-support-spring-presence,mig-series-25ak,variant,cable-support-spring,Cable Support Spring,5,cable-support-spring,Cable Support Spring,component_presence,Catalog Component,Cable Support Spring,,"Renqiu Ailesen welding catalog PDF page 10 (catalog pages 13-14).",A,NEEDS_FACTORY_CONFIRMATION,,,,,evidence_only,,Official company catalog review,2026-08-21,Component candidate only; dimensions and assembly position require confirmation.
25ak-rear-handle-presence,mig-series-25ak,variant,rear-handle,Rear Handle,6,rear-handle,Rear Handle,component_presence,Catalog Component,Rear Handle,,"Renqiu Ailesen welding catalog PDF page 10 (catalog pages 13-14).",A,NEEDS_FACTORY_CONFIRMATION,,,,,evidence_only,,Official company catalog review,2026-08-21,Component candidate only; exact supplied assembly requires confirmation.
25ak-adaptor-nut-presence,mig-series-25ak,variant,adaptor-nut,Adaptor Nut,7,adaptor-nut,Adaptor Nut,component_presence,Catalog Component,Adaptor Nut,,"Renqiu Ailesen welding catalog PDF page 10 (catalog pages 13-14).",A,NEEDS_FACTORY_CONFIRMATION,,,,,evidence_only,,Official company catalog review,2026-08-21,Component candidate only; catalog provides no exact thread value.
25ak-euro-connector-presence,mig-series-25ak,variant,euro-connector,Euro Connector,8,euro-connector,Euro Connector,component_presence,Catalog Component,Euro Connector,,"Renqiu Ailesen welding catalog PDF page 10 (catalog pages 13-14).",A,NEEDS_FACTORY_CONFIRMATION,,,,,evidence_only,,Official company catalog review,2026-08-21,Component candidate only; exact interface and pin arrangement require confirmation.
25ak-euro-connector-type,mig-series-25ak,variant,euro-connector,Euro Connector,8,euro-connector,Euro Connector,connection,Catalog Connection Type,Euro Connector,,"Renqiu Ailesen welding catalog PDF page 10 (catalog pages 13-14).",A,NEEDS_FACTORY_CONFIRMATION,,,,,evidence_only,,Official company catalog review,2026-08-21,Trade description only; confirm the complete machine-side interface.
25ak-nut-m10-presence,mig-series-25ak,variant,connector-nut,Connector Nut,9,nut-m10x1,Nut M10 x 1,component_presence,Catalog Component,Nut M10 x 1,,"Renqiu Ailesen welding catalog PDF page 10 (catalog pages 13-14).",A,NEEDS_FACTORY_CONFIRMATION,,,,,evidence_only,,Official company catalog review,2026-08-21,Component candidate only; confirm mating connection.
25ak-nut-m10-thread,mig-series-25ak,variant,connector-nut,Connector Nut,9,nut-m10x1,Nut M10 x 1,thread,Catalog Thread,M10 x 1,,"Renqiu Ailesen welding catalog PDF page 10 (catalog pages 13-14).",A,NEEDS_FACTORY_CONFIRMATION,,,,,evidence_only,,Official company catalog review,2026-08-21,Confirm thread and handedness on the exact product.
25ak-liner-3-5m-presence,mig-series-25ak,variant,torch-liner,Torch Liner,10,liner-3-5m,Torch Liner 3.5 m,component_presence,Catalog Component,Torch Liner for 0.8-1.0 mm wire / 3.5 m,,"Renqiu Ailesen welding catalog PDF page 10 (catalog pages 13-14).",A,NEEDS_FACTORY_CONFIRMATION,,,,,evidence_only,,Official company catalog review,2026-08-21,Component candidate only; liner ends and construction require confirmation.
25ak-liner-3-5m-wire,mig-series-25ak,variant,torch-liner,Torch Liner,10,liner-3-5m,Torch Liner 3.5 m,wire_size,Catalog Wire Size,0.8-1.0,mm,"Renqiu Ailesen welding catalog PDF page 10 (catalog pages 13-14).",A,NEEDS_FACTORY_CONFIRMATION,,,,,evidence_only,,Official company catalog review,2026-08-21,Confirm actual wire range for the supplied liner.
25ak-liner-3-5m-length,mig-series-25ak,variant,torch-liner,Torch Liner,10,liner-3-5m,Torch Liner 3.5 m,cable_length,Catalog Liner Length,3.5,m,"Renqiu Ailesen welding catalog PDF page 10 (catalog pages 13-14).",A,NEEDS_FACTORY_CONFIRMATION,,,,,evidence_only,,Official company catalog review,2026-08-21,Confirm actual supplied liner length.
25ak-liner-5-5m-presence,mig-series-25ak,variant,torch-liner,Torch Liner,10,liner-5-5m,Torch Liner 5.5 m,component_presence,Catalog Component,Torch Liner for 0.8-1.0 mm wire / 5.5 m,,"Renqiu Ailesen welding catalog PDF page 10 (catalog pages 13-14).",A,NEEDS_FACTORY_CONFIRMATION,,,,,evidence_only,,Official company catalog review,2026-08-21,Component candidate only; liner ends and construction require confirmation.
25ak-liner-5-5m-wire,mig-series-25ak,variant,torch-liner,Torch Liner,10,liner-5-5m,Torch Liner 5.5 m,wire_size,Catalog Wire Size,0.8-1.0,mm,"Renqiu Ailesen welding catalog PDF page 10 (catalog pages 13-14).",A,NEEDS_FACTORY_CONFIRMATION,,,,,evidence_only,,Official company catalog review,2026-08-21,Confirm actual wire range for the supplied liner.
25ak-liner-5-5m-length,mig-series-25ak,variant,torch-liner,Torch Liner,10,liner-5-5m,Torch Liner 5.5 m,cable_length,Catalog Liner Length,5.5,m,"Renqiu Ailesen welding catalog PDF page 10 (catalog pages 13-14).",A,NEEDS_FACTORY_CONFIRMATION,,,,,evidence_only,,Official company catalog review,2026-08-21,Confirm actual supplied liner length.
36kd-series-designation,mig-series-36kd,series,36kd-series,ORK 36KD Series,series,36kd-series,ORK 36KD Air Cooled MIG/MAG Welding Torch,series_designation,Series Designation,ORK 36KD,,Renqiu Ailesen welding catalog PDF page 11 (catalog pages 15-16).,A,NEEDS_FACTORY_CONFIRMATION,,,,,evidence_only,,Official company catalog review,2026-08-21,Catalog family reference only; not a canonical ArcFort Weld product model.
36kd-series-compatibility-wording,mig-series-36kd,series,36kd-series,ORK 36KD Series,series,36kd-series,ORK 36KD Air Cooled MIG/MAG Welding Torch,compatibility_statement,Catalog Compatibility Wording,Compatible orch and Parts For BINZEL,,Renqiu Ailesen welding catalog PDF page 11 (catalog pages 15-16).,A,NEEDS_FACTORY_CONFIRMATION,,,,,evidence_only,,Official company catalog review,2026-08-21,Preserve the source wording as evidence only; it is not confirmed compatibility.
36kd-series-cooling,mig-series-36kd,series,36kd-series,ORK 36KD Series,series,36kd-series,ORK 36KD Air Cooled MIG/MAG Welding Torch,cooling_method,Cooling Method,Air cooled,,Renqiu Ailesen welding catalog PDF page 11 (catalog pages 15-16).,A,NEEDS_FACTORY_CONFIRMATION,,,,,evidence_only,,Official company catalog review,2026-08-21,Confirm the exact supplied torch arrangement before publication.
36kd-series-rating,mig-series-36kd,series,36kd-series,ORK 36KD Series,series,36kd-series,ORK 36KD Air Cooled MIG/MAG Welding Torch,rating,Catalog Rating,340 A CO2 / 320 A mixed gases,,Renqiu Ailesen welding catalog PDF page 11 (catalog pages 15-16).,A,DATA_CONFLICT,official_oem_catalog,https://www.binzel-abicor.com/uploads/Content/Germany/PDF-Files/PDF_Files_MIGMAG/English/migmag-katalog_pro_m277gb_2_0-v1_web.pdf,320 A CO2 / 290 A mixed gases,Company catalog value conflicts with the official ABICOR BINZEL MB GRIP 36 KD reference; do not publish either as an ArcFort Weld rating.,blocked,,Official company catalog review,2026-08-21,Exact supplied torch requires a Level A factory specification or controlled test record.
36kd-series-duty-cycle,mig-series-36kd,series,36kd-series,ORK 36KD Series,series,36kd-series,ORK 36KD Air Cooled MIG/MAG Welding Torch,duty_cycle,Catalog Duty Cycle,60,%,Renqiu Ailesen welding catalog PDF page 11 (catalog pages 15-16).,A,NEEDS_FACTORY_CONFIRMATION,,,,,evidence_only,,Official company catalog review,2026-08-21,Matches the official reference but still requires exact supplied-product confirmation.
36kd-series-wire-size,mig-series-36kd,series,36kd-series,ORK 36KD Series,series,36kd-series,ORK 36KD Air Cooled MIG/MAG Welding Torch,wire_size,Catalog Wire Size,0.8-1.2,mm,Renqiu Ailesen welding catalog PDF page 11 (catalog pages 15-16).,A,NEEDS_FACTORY_CONFIRMATION,,,,,evidence_only,,Official company catalog review,2026-08-21,Matches the official reference but still requires exact supplied-product confirmation.
36kd-complete-torch-3m-presence,mig-series-36kd,variant,complete-torch,Complete MIG/MAG Welding Torch,assembly,complete-torch-3m,ORK 36KD Complete Torch 3M,component_presence,Catalog Component,ORK 36KD Complete Torch 3M,,Renqiu Ailesen welding catalog PDF page 11 (catalog pages 15-16).,A,NEEDS_FACTORY_CONFIRMATION,,,,,evidence_only,,Official company catalog review,2026-08-21,Candidate only; exact torch identity and rating are not confirmed.
36kd-complete-torch-3m-length,mig-series-36kd,variant,complete-torch,Complete MIG/MAG Welding Torch,assembly,complete-torch-3m,ORK 36KD Complete Torch 3M,cable_length,Cable Length,3,m,Renqiu Ailesen welding catalog PDF page 11 (catalog pages 15-16).,A,NEEDS_FACTORY_CONFIRMATION,,,,,evidence_only,,Official company catalog review,2026-08-21,Confirm actual supplied cable length.
36kd-complete-torch-5m-presence,mig-series-36kd,variant,complete-torch,Complete MIG/MAG Welding Torch,assembly,complete-torch-5m,ORK 36KD Complete Torch 5M,component_presence,Catalog Component,ORK 36KD Complete Torch 5M,,Renqiu Ailesen welding catalog PDF page 11 (catalog pages 15-16).,A,NEEDS_FACTORY_CONFIRMATION,,,,,evidence_only,,Official company catalog review,2026-08-21,Candidate only; exact torch identity and rating are not confirmed.
36kd-complete-torch-5m-length,mig-series-36kd,variant,complete-torch,Complete MIG/MAG Welding Torch,assembly,complete-torch-5m,ORK 36KD Complete Torch 5M,cable_length,Cable Length,5,m,Renqiu Ailesen welding catalog PDF page 11 (catalog pages 15-16).,A,NEEDS_FACTORY_CONFIRMATION,,,,,evidence_only,,Official company catalog review,2026-08-21,Confirm actual supplied cable length.
36kd-nozzle-cylindrical-19-20mm-presence,mig-series-36kd,variant,gas-nozzle,Gas Nozzle,1,nozzle-cylindrical-19-20mm,Cylindrical Nozzle 19/20 mm Reference Conflict,component_presence,Catalog Component,Cylindrical Nozzle 19/20 mm Reference Conflict,,Renqiu Ailesen welding catalog PDF page 11 (catalog pages 15-16).,A,NEEDS_FACTORY_CONFIRMATION,,,,,evidence_only,,Official company catalog review,2026-08-21,One exact nozzle profile candidate; shared diagrams require variant confirmation.
36kd-nozzle-cylindrical-19-20mm-profile,mig-series-36kd,variant,gas-nozzle,Gas Nozzle,1,nozzle-cylindrical-19-20mm,Cylindrical Nozzle 19/20 mm Reference Conflict,profile,Nozzle Profile,Cylindrical,,Renqiu Ailesen welding catalog PDF page 11 (catalog pages 15-16).,A,NEEDS_FACTORY_CONFIRMATION,,,,,evidence_only,,Official company catalog review,2026-08-21,Confirm exact geometry against a drawing or sample.
36kd-nozzle-cylindrical-19-20mm-opening,mig-series-36kd,variant,gas-nozzle,Gas Nozzle,1,nozzle-cylindrical-19-20mm,Cylindrical Nozzle 19/20 mm Reference Conflict,opening,Opening Diameter,19,mm,"Renqiu Ailesen welding catalog PDF page 11 (catalog page 15), main component table.",A,DATA_CONFLICT,company_catalog,"Renqiu Ailesen welding catalog PDF page 11 (catalog page 16), wear-parts table.",20 mm,The same company-catalog spread lists the cylindrical nozzle as 19 mm in the main table and 20 mm in the wear-parts table; do not select either value automatically.,blocked,,Official company catalog review,2026-08-21,Resolve with an exact product drawing or measurement.
36kd-nozzle-conical-16mm-presence,mig-series-36kd,variant,gas-nozzle,Gas Nozzle,1,nozzle-conical-16mm,Conical Nozzle 16 mm,component_presence,Catalog Component,Conical Nozzle 16 mm,,Renqiu Ailesen welding catalog PDF page 11 (catalog pages 15-16).,A,NEEDS_FACTORY_CONFIRMATION,,,,,evidence_only,,Official company catalog review,2026-08-21,One exact nozzle profile candidate; shared diagrams require variant confirmation.
36kd-nozzle-conical-16mm-profile,mig-series-36kd,variant,gas-nozzle,Gas Nozzle,1,nozzle-conical-16mm,Conical Nozzle 16 mm,profile,Nozzle Profile,Conical,,Renqiu Ailesen welding catalog PDF page 11 (catalog pages 15-16).,A,NEEDS_FACTORY_CONFIRMATION,,,,,evidence_only,,Official company catalog review,2026-08-21,Confirm exact geometry against a drawing or sample.
36kd-nozzle-conical-16mm-opening,mig-series-36kd,variant,gas-nozzle,Gas Nozzle,1,nozzle-conical-16mm,Conical Nozzle 16 mm,opening,Opening Diameter,16,mm,Renqiu Ailesen welding catalog PDF page 11 (catalog pages 15-16).,A,NEEDS_FACTORY_CONFIRMATION,,,,,evidence_only,,Official company catalog review,2026-08-21,Confirm opening on the exact supplied variant.
36kd-nozzle-tapered-12mm-presence,mig-series-36kd,variant,gas-nozzle,Gas Nozzle,1,nozzle-tapered-12mm,Tapered Nozzle 12 mm,component_presence,Catalog Component,Tapered Nozzle 12 mm,,Renqiu Ailesen welding catalog PDF page 11 (catalog pages 15-16).,A,NEEDS_FACTORY_CONFIRMATION,,,,,evidence_only,,Official company catalog review,2026-08-21,One exact nozzle profile candidate; shared diagrams require variant confirmation.
36kd-nozzle-tapered-12mm-profile,mig-series-36kd,variant,gas-nozzle,Gas Nozzle,1,nozzle-tapered-12mm,Tapered Nozzle 12 mm,profile,Nozzle Profile,Tapered,,Renqiu Ailesen welding catalog PDF page 11 (catalog pages 15-16).,A,NEEDS_FACTORY_CONFIRMATION,,,,,evidence_only,,Official company catalog review,2026-08-21,Confirm exact geometry against a drawing or sample.
36kd-nozzle-tapered-12mm-opening,mig-series-36kd,variant,gas-nozzle,Gas Nozzle,1,nozzle-tapered-12mm,Tapered Nozzle 12 mm,opening,Opening Diameter,12,mm,Renqiu Ailesen welding catalog PDF page 11 (catalog pages 15-16).,A,NEEDS_FACTORY_CONFIRMATION,,,,,evidence_only,,Official company catalog review,2026-08-21,Confirm opening on the exact supplied variant.
36kd-nozzle-family-outside-diameter,mig-series-36kd,family,gas-nozzle,Gas Nozzle,1,gas-nozzle-family,36KD Gas Nozzle Family,outside_diameter,Catalog Diagram Outside Diameter,24,mm,Renqiu Ailesen welding catalog PDF page 11 (catalog pages 15-16).,A,NEEDS_FACTORY_CONFIRMATION,,,,,evidence_only,,Official company catalog review,2026-08-21,Shared diagram reference only; confirm for each profile.
36kd-nozzle-family-length,mig-series-36kd,family,gas-nozzle,Gas Nozzle,1,gas-nozzle-family,36KD Gas Nozzle Family,overall_length,Catalog Diagram Length,84,mm,Renqiu Ailesen welding catalog PDF page 11 (catalog pages 15-16).,A,NEEDS_FACTORY_CONFIRMATION,,,,,evidence_only,,Official company catalog review,2026-08-21,Shared diagram reference only; confirm for each profile.
36kd-contact-tip-ecu-0-8mm-presence,mig-series-36kd,variant,contact-tip,Contact Tip,2,contact-tip-ecu-0-8mm,E-Cu Contact Tip 0.8 mm,component_presence,Catalog Component,E-Cu Contact Tip 0.8 mm,,Renqiu Ailesen welding catalog PDF page 11 (catalog pages 15-16).,A,NEEDS_FACTORY_CONFIRMATION,,,,,evidence_only,,Official company catalog review,2026-08-21,Candidate only; exact material grade and orifice require confirmation.
36kd-contact-tip-ecu-0-8mm-material,mig-series-36kd,variant,contact-tip,Contact Tip,2,contact-tip-ecu-0-8mm,E-Cu Contact Tip 0.8 mm,material,Catalog Material,E-Cu,,Renqiu Ailesen welding catalog PDF page 11 (catalog pages 15-16).,A,NEEDS_FACTORY_CONFIRMATION,,,,,evidence_only,,Official company catalog review,2026-08-21,Catalog material designation requires factory confirmation for the supplied item.
36kd-contact-tip-ecu-0-8mm-wire,mig-series-36kd,variant,contact-tip,Contact Tip,2,contact-tip-ecu-0-8mm,E-Cu Contact Tip 0.8 mm,wire_size,Wire Size,0.8,mm,Renqiu Ailesen welding catalog PDF page 11 (catalog pages 15-16).,A,NEEDS_FACTORY_CONFIRMATION,,,,,evidence_only,,Official company catalog review,2026-08-21,Confirm marking and actual wire bore on the exact product.
36kd-contact-tip-ecu-1-0mm-presence,mig-series-36kd,variant,contact-tip,Contact Tip,2,contact-tip-ecu-1-0mm,E-Cu Contact Tip 1.0 mm,component_presence,Catalog Component,E-Cu Contact Tip 1.0 mm,,Renqiu Ailesen welding catalog PDF page 11 (catalog pages 15-16).,A,NEEDS_FACTORY_CONFIRMATION,,,,,evidence_only,,Official company catalog review,2026-08-21,Candidate only; exact material grade and orifice require confirmation.
36kd-contact-tip-ecu-1-0mm-material,mig-series-36kd,variant,contact-tip,Contact Tip,2,contact-tip-ecu-1-0mm,E-Cu Contact Tip 1.0 mm,material,Catalog Material,E-Cu,,Renqiu Ailesen welding catalog PDF page 11 (catalog pages 15-16).,A,NEEDS_FACTORY_CONFIRMATION,,,,,evidence_only,,Official company catalog review,2026-08-21,Catalog material designation requires factory confirmation for the supplied item.
36kd-contact-tip-ecu-1-0mm-wire,mig-series-36kd,variant,contact-tip,Contact Tip,2,contact-tip-ecu-1-0mm,E-Cu Contact Tip 1.0 mm,wire_size,Wire Size,1.0,mm,Renqiu Ailesen welding catalog PDF page 11 (catalog pages 15-16).,A,NEEDS_FACTORY_CONFIRMATION,,,,,evidence_only,,Official company catalog review,2026-08-21,Confirm marking and actual wire bore on the exact product.
36kd-contact-tip-ecu-1-2mm-presence,mig-series-36kd,variant,contact-tip,Contact Tip,2,contact-tip-ecu-1-2mm,E-Cu Contact Tip 1.2 mm,component_presence,Catalog Component,E-Cu Contact Tip 1.2 mm,,Renqiu Ailesen welding catalog PDF page 11 (catalog pages 15-16).,A,NEEDS_FACTORY_CONFIRMATION,,,,,evidence_only,,Official company catalog review,2026-08-21,Candidate only; exact material grade and orifice require confirmation.
36kd-contact-tip-ecu-1-2mm-material,mig-series-36kd,variant,contact-tip,Contact Tip,2,contact-tip-ecu-1-2mm,E-Cu Contact Tip 1.2 mm,material,Catalog Material,E-Cu,,Renqiu Ailesen welding catalog PDF page 11 (catalog pages 15-16).,A,NEEDS_FACTORY_CONFIRMATION,,,,,evidence_only,,Official company catalog review,2026-08-21,Catalog material designation requires factory confirmation for the supplied item.
36kd-contact-tip-ecu-1-2mm-wire,mig-series-36kd,variant,contact-tip,Contact Tip,2,contact-tip-ecu-1-2mm,E-Cu Contact Tip 1.2 mm,wire_size,Wire Size,1.2,mm,Renqiu Ailesen welding catalog PDF page 11 (catalog pages 15-16).,A,NEEDS_FACTORY_CONFIRMATION,,,,,evidence_only,,Official company catalog review,2026-08-21,Confirm marking and actual wire bore on the exact product.
36kd-contact-tip-cucrzr-0-8mm-presence,mig-series-36kd,variant,contact-tip,Contact Tip,2,contact-tip-cucrzr-0-8mm,CuCrZr Contact Tip 0.8 mm,component_presence,Catalog Component,CuCrZr Contact Tip 0.8 mm,,Renqiu Ailesen welding catalog PDF page 11 (catalog pages 15-16).,A,NEEDS_FACTORY_CONFIRMATION,,,,,evidence_only,,Official company catalog review,2026-08-21,Candidate only; exact material grade and orifice require confirmation.
36kd-contact-tip-cucrzr-0-8mm-material,mig-series-36kd,variant,contact-tip,Contact Tip,2,contact-tip-cucrzr-0-8mm,CuCrZr Contact Tip 0.8 mm,material,Catalog Material,CuCrZr,,Renqiu Ailesen welding catalog PDF page 11 (catalog pages 15-16).,A,NEEDS_FACTORY_CONFIRMATION,,,,,evidence_only,,Official company catalog review,2026-08-21,Catalog material designation requires factory confirmation for the supplied item.
36kd-contact-tip-cucrzr-0-8mm-wire,mig-series-36kd,variant,contact-tip,Contact Tip,2,contact-tip-cucrzr-0-8mm,CuCrZr Contact Tip 0.8 mm,wire_size,Wire Size,0.8,mm,Renqiu Ailesen welding catalog PDF page 11 (catalog pages 15-16).,A,NEEDS_FACTORY_CONFIRMATION,,,,,evidence_only,,Official company catalog review,2026-08-21,Confirm marking and actual wire bore on the exact product.
36kd-contact-tip-cucrzr-1-0mm-presence,mig-series-36kd,variant,contact-tip,Contact Tip,2,contact-tip-cucrzr-1-0mm,CuCrZr Contact Tip 1.0 mm,component_presence,Catalog Component,CuCrZr Contact Tip 1.0 mm,,Renqiu Ailesen welding catalog PDF page 11 (catalog pages 15-16).,A,NEEDS_FACTORY_CONFIRMATION,,,,,evidence_only,,Official company catalog review,2026-08-21,Candidate only; exact material grade and orifice require confirmation.
36kd-contact-tip-cucrzr-1-0mm-material,mig-series-36kd,variant,contact-tip,Contact Tip,2,contact-tip-cucrzr-1-0mm,CuCrZr Contact Tip 1.0 mm,material,Catalog Material,CuCrZr,,Renqiu Ailesen welding catalog PDF page 11 (catalog pages 15-16).,A,NEEDS_FACTORY_CONFIRMATION,,,,,evidence_only,,Official company catalog review,2026-08-21,Catalog material designation requires factory confirmation for the supplied item.
36kd-contact-tip-cucrzr-1-0mm-wire,mig-series-36kd,variant,contact-tip,Contact Tip,2,contact-tip-cucrzr-1-0mm,CuCrZr Contact Tip 1.0 mm,wire_size,Wire Size,1.0,mm,Renqiu Ailesen welding catalog PDF page 11 (catalog pages 15-16).,A,NEEDS_FACTORY_CONFIRMATION,,,,,evidence_only,,Official company catalog review,2026-08-21,Confirm marking and actual wire bore on the exact product.
36kd-contact-tip-cucrzr-1-2mm-presence,mig-series-36kd,variant,contact-tip,Contact Tip,2,contact-tip-cucrzr-1-2mm,CuCrZr Contact Tip 1.2 mm,component_presence,Catalog Component,CuCrZr Contact Tip 1.2 mm,,Renqiu Ailesen welding catalog PDF page 11 (catalog pages 15-16).,A,NEEDS_FACTORY_CONFIRMATION,,,,,evidence_only,,Official company catalog review,2026-08-21,Candidate only; exact material grade and orifice require confirmation.
36kd-contact-tip-cucrzr-1-2mm-material,mig-series-36kd,variant,contact-tip,Contact Tip,2,contact-tip-cucrzr-1-2mm,CuCrZr Contact Tip 1.2 mm,material,Catalog Material,CuCrZr,,Renqiu Ailesen welding catalog PDF page 11 (catalog pages 15-16).,A,NEEDS_FACTORY_CONFIRMATION,,,,,evidence_only,,Official company catalog review,2026-08-21,Catalog material designation requires factory confirmation for the supplied item.
36kd-contact-tip-cucrzr-1-2mm-wire,mig-series-36kd,variant,contact-tip,Contact Tip,2,contact-tip-cucrzr-1-2mm,CuCrZr Contact Tip 1.2 mm,wire_size,Wire Size,1.2,mm,Renqiu Ailesen welding catalog PDF page 11 (catalog pages 15-16).,A,NEEDS_FACTORY_CONFIRMATION,,,,,evidence_only,,Official company catalog review,2026-08-21,Confirm marking and actual wire bore on the exact product.
36kd-contact-tip-family-thread,mig-series-36kd,family,contact-tip,Contact Tip,2,contact-tip-family,36KD Contact Tip Family,thread,Catalog Thread,M8,,Renqiu Ailesen welding catalog PDF page 11 (catalog pages 15-16).,A,NEEDS_FACTORY_CONFIRMATION,,,,,evidence_only,,Official company catalog review,2026-08-21,Family diagram reference; confirm every supplied variant.
36kd-contact-tip-family-length,mig-series-36kd,family,contact-tip,Contact Tip,2,contact-tip-family,36KD Contact Tip Family,overall_length,Catalog Length,30,mm,Renqiu Ailesen welding catalog PDF page 11 (catalog pages 15-16).,A,NEEDS_FACTORY_CONFIRMATION,,,,,evidence_only,,Official company catalog review,2026-08-21,Family diagram reference; confirm every supplied variant.
36kd-contact-tip-family-body-diameter,mig-series-36kd,family,contact-tip,Contact Tip,2,contact-tip-family,36KD Contact Tip Family,outside_diameter,Catalog Body Diameter,10,mm,Renqiu Ailesen welding catalog PDF page 11 (catalog pages 15-16).,A,NEEDS_FACTORY_CONFIRMATION,,,,,evidence_only,,Official company catalog review,2026-08-21,Family diagram reference; confirm every supplied variant.
36kd-tip-holder-25mm-presence,mig-series-36kd,variant,tip-holder,Contact Tip Holder,3,tip-holder-25mm,Contact Tip Holder M8 x 25 mm,component_presence,Catalog Component,Contact Tip Holder M8 x 25 mm,,Renqiu Ailesen welding catalog PDF page 11 (catalog pages 15-16).,A,NEEDS_FACTORY_CONFIRMATION,,,,,evidence_only,,Official company catalog review,2026-08-21,Separate candidate; do not merge the three holder lengths.
36kd-tip-holder-25mm-length,mig-series-36kd,variant,tip-holder,Contact Tip Holder,3,tip-holder-25mm,Contact Tip Holder M8 x 25 mm,overall_length,Catalog Length,25,mm,Renqiu Ailesen welding catalog PDF page 11 (catalog pages 15-16).,A,NEEDS_FACTORY_CONFIRMATION,,,,,evidence_only,,Official company catalog review,2026-08-21,Confirm exact length on the supplied holder.
36kd-tip-holder-28mm-presence,mig-series-36kd,variant,tip-holder,Contact Tip Holder,3,tip-holder-28mm,Contact Tip Holder M8 x 28 mm,component_presence,Catalog Component,Contact Tip Holder M8 x 28 mm,,Renqiu Ailesen welding catalog PDF page 11 (catalog pages 15-16).,A,NEEDS_FACTORY_CONFIRMATION,,,,,evidence_only,,Official company catalog review,2026-08-21,Separate candidate; do not merge the three holder lengths.
36kd-tip-holder-28mm-length,mig-series-36kd,variant,tip-holder,Contact Tip Holder,3,tip-holder-28mm,Contact Tip Holder M8 x 28 mm,overall_length,Catalog Length,28,mm,Renqiu Ailesen welding catalog PDF page 11 (catalog pages 15-16).,A,NEEDS_FACTORY_CONFIRMATION,,,,,evidence_only,,Official company catalog review,2026-08-21,Confirm exact length on the supplied holder.
36kd-tip-holder-34mm-presence,mig-series-36kd,variant,tip-holder,Contact Tip Holder,3,tip-holder-34mm,Contact Tip Holder M8 x 34 mm,component_presence,Catalog Component,Contact Tip Holder M8 x 34 mm,,Renqiu Ailesen welding catalog PDF page 11 (catalog pages 15-16).,A,NEEDS_FACTORY_CONFIRMATION,,,,,evidence_only,,Official company catalog review,2026-08-21,Separate candidate; do not merge the three holder lengths.
36kd-tip-holder-34mm-length,mig-series-36kd,variant,tip-holder,Contact Tip Holder,3,tip-holder-34mm,Contact Tip Holder M8 x 34 mm,overall_length,Catalog Length,34,mm,Renqiu Ailesen welding catalog PDF page 11 (catalog pages 15-16).,A,NEEDS_FACTORY_CONFIRMATION,,,,,evidence_only,,Official company catalog review,2026-08-21,Confirm exact length on the supplied holder.
36kd-tip-holder-family-thread,mig-series-36kd,family,tip-holder,Contact Tip Holder,3,tip-holder-family,36KD Contact Tip Holder Family,thread,Catalog Threads,M8 / M8,,Renqiu Ailesen welding catalog PDF page 11 (catalog pages 15-16).,A,NEEDS_FACTORY_CONFIRMATION,,,,,evidence_only,,Official company catalog review,2026-08-21,Diagram reference only; confirm both interfaces for each holder length.
36kd-gas-diffuser-dmc-presence,mig-series-36kd,variant,gas-diffuser,Gas Diffuser,4,gas-diffuser-dmc,Gas Diffuser DMC,component_presence,Catalog Component,Gas Diffuser DMC,,Renqiu Ailesen welding catalog PDF page 11 (catalog pages 15-16).,A,NEEDS_FACTORY_CONFIRMATION,,,,,evidence_only,,Official company catalog review,2026-08-21,Separate material/construction candidate; exact interfaces require confirmation.
36kd-gas-diffuser-dmc-variant,mig-series-36kd,variant,gas-diffuser,Gas Diffuser,4,gas-diffuser-dmc,Gas Diffuser DMC,variant,Catalog Variant,DMC,,Renqiu Ailesen welding catalog PDF page 11 (catalog pages 15-16).,A,NEEDS_FACTORY_CONFIRMATION,,,,,evidence_only,,Official company catalog review,2026-08-21,Catalog label only; confirm actual supplied construction.
36kd-gas-diffuser-ceramic-presence,mig-series-36kd,variant,gas-diffuser,Gas Diffuser,4,gas-diffuser-ceramic,Gas Diffuser Ceramic,component_presence,Catalog Component,Gas Diffuser Ceramic,,Renqiu Ailesen welding catalog PDF page 11 (catalog pages 15-16).,A,NEEDS_FACTORY_CONFIRMATION,,,,,evidence_only,,Official company catalog review,2026-08-21,Separate material/construction candidate; exact interfaces require confirmation.
36kd-gas-diffuser-ceramic-variant,mig-series-36kd,variant,gas-diffuser,Gas Diffuser,4,gas-diffuser-ceramic,Gas Diffuser Ceramic,variant,Catalog Variant,Ceramic,,Renqiu Ailesen welding catalog PDF page 11 (catalog pages 15-16).,A,NEEDS_FACTORY_CONFIRMATION,,,,,evidence_only,,Official company catalog review,2026-08-21,Catalog label only; confirm actual supplied construction.
36kd-gas-diffuser-family-length,mig-series-36kd,family,gas-diffuser,Gas Diffuser,4,gas-diffuser-family,36KD Gas Diffuser Family,overall_length,Catalog Diagram Length,31,mm,Renqiu Ailesen welding catalog PDF page 11 (catalog pages 15-16).,A,NEEDS_FACTORY_CONFIRMATION,,,,,evidence_only,,Official company catalog review,2026-08-21,Shared diagram reference only; confirm both variants.
36kd-swan-neck-presence,mig-series-36kd,variant,swan-neck,Swan Neck,5,swan-neck,Swan Neck,component_presence,Catalog Component,Swan Neck,,Renqiu Ailesen welding catalog PDF page 11 (catalog pages 15-16).,A,NEEDS_FACTORY_CONFIRMATION,,,,,evidence_only,,Official company catalog review,2026-08-21,Catalog-presence candidate only; exact product identity requires confirmation.
36kd-cable-support-spring-presence,mig-series-36kd,variant,cable-support-spring,Cable Support Spring,6,cable-support-spring,Cable Support Spring,component_presence,Catalog Component,Cable Support Spring,,Renqiu Ailesen welding catalog PDF page 11 (catalog pages 15-16).,A,NEEDS_FACTORY_CONFIRMATION,,,,,evidence_only,,Official company catalog review,2026-08-21,Catalog-presence candidate only; exact product identity requires confirmation.
36kd-rear-handle-presence,mig-series-36kd,variant,rear-handle,Rear Handle,7,rear-handle,Rear Handle,component_presence,Catalog Component,Rear Handle,,Renqiu Ailesen welding catalog PDF page 11 (catalog pages 15-16).,A,NEEDS_FACTORY_CONFIRMATION,,,,,evidence_only,,Official company catalog review,2026-08-21,Catalog-presence candidate only; exact product identity requires confirmation.
36kd-adaptor-nut-presence,mig-series-36kd,variant,adaptor-nut,Adaptor Nut,8,adaptor-nut,Adaptor Nut,component_presence,Catalog Component,Adaptor Nut,,Renqiu Ailesen welding catalog PDF page 11 (catalog pages 15-16).,A,NEEDS_FACTORY_CONFIRMATION,,,,,evidence_only,,Official company catalog review,2026-08-21,Catalog-presence candidate only; exact product identity requires confirmation.
36kd-swan-neck-thread,mig-series-36kd,variant,swan-neck,Swan Neck,5,swan-neck,Swan Neck,thread,Catalog Front Thread,M8,,Renqiu Ailesen welding catalog PDF page 11 (catalog pages 15-16).,A,NEEDS_FACTORY_CONFIRMATION,,,,,evidence_only,,Official company catalog review,2026-08-21,Confirm exact front interface and neck geometry.
36kd-euro-connector-presence,mig-series-36kd,variant,euro-connector,Euro Connector,9,euro-connector,Euro Connector,component_presence,Catalog Component,Euro Connector,,Renqiu Ailesen welding catalog PDF page 11 (catalog pages 15-16).,A,NEEDS_FACTORY_CONFIRMATION,,,,,evidence_only,,Official company catalog review,2026-08-21,Catalog-presence candidate only; pin and gas/power interfaces require confirmation.
36kd-euro-connector-type,mig-series-36kd,variant,euro-connector,Euro Connector,9,euro-connector,Euro Connector,connection,Catalog Connection Type,Euro Connector,,Renqiu Ailesen welding catalog PDF page 11 (catalog pages 15-16).,A,NEEDS_FACTORY_CONFIRMATION,,,,,evidence_only,,Official company catalog review,2026-08-21,Generic catalog label only; exact connector arrangement requires confirmation.
36kd-connector-nut-presence,mig-series-36kd,variant,connector-nut,Connector Nut,10,nut-m10x1,Nut M10 x 1,component_presence,Catalog Component,Nut M10 x 1,,Renqiu Ailesen welding catalog PDF page 11 (catalog pages 15-16).,A,NEEDS_FACTORY_CONFIRMATION,,,,,evidence_only,,Official company catalog review,2026-08-21,Confirm thread direction and actual dimensions.
36kd-connector-nut-thread,mig-series-36kd,variant,connector-nut,Connector Nut,10,nut-m10x1,Nut M10 x 1,thread,Catalog Thread,M10 x 1,,Renqiu Ailesen welding catalog PDF page 11 (catalog pages 15-16).,A,NEEDS_FACTORY_CONFIRMATION,,,,,evidence_only,,Official company catalog review,2026-08-21,Confirm thread direction and fit on the exact assembly.
36kd-liner-3-5m-presence,mig-series-36kd,variant,torch-liner,Torch Liner,11,liner-3-5m,Torch Liner 3.5 m,component_presence,Catalog Component,Torch Liner for 0.8-1.2 mm wire / 3.5 m,,Renqiu Ailesen welding catalog PDF page 11 (catalog pages 15-16).,A,NEEDS_FACTORY_CONFIRMATION,,,,,evidence_only,,Official company catalog review,2026-08-21,Component candidate only; liner ends and construction require confirmation.
36kd-liner-3-5m-wire,mig-series-36kd,variant,torch-liner,Torch Liner,11,liner-3-5m,Torch Liner 3.5 m,wire_size,Catalog Wire Size,0.8-1.2,mm,Renqiu Ailesen welding catalog PDF page 11 (catalog pages 15-16).,A,NEEDS_FACTORY_CONFIRMATION,,,,,evidence_only,,Official company catalog review,2026-08-21,Confirm actual wire range for the supplied liner.
36kd-liner-3-5m-length,mig-series-36kd,variant,torch-liner,Torch Liner,11,liner-3-5m,Torch Liner 3.5 m,cable_length,Catalog Liner Length,3.5,m,Renqiu Ailesen welding catalog PDF page 11 (catalog pages 15-16).,A,NEEDS_FACTORY_CONFIRMATION,,,,,evidence_only,,Official company catalog review,2026-08-21,Confirm actual supplied liner length.
36kd-liner-5-5m-presence,mig-series-36kd,variant,torch-liner,Torch Liner,11,liner-5-5m,Torch Liner 5.5 m,component_presence,Catalog Component,Torch Liner for 0.8-1.2 mm wire / 5.5 m,,Renqiu Ailesen welding catalog PDF page 11 (catalog pages 15-16).,A,NEEDS_FACTORY_CONFIRMATION,,,,,evidence_only,,Official company catalog review,2026-08-21,Component candidate only; liner ends and construction require confirmation.
36kd-liner-5-5m-wire,mig-series-36kd,variant,torch-liner,Torch Liner,11,liner-5-5m,Torch Liner 5.5 m,wire_size,Catalog Wire Size,0.8-1.2,mm,Renqiu Ailesen welding catalog PDF page 11 (catalog pages 15-16).,A,NEEDS_FACTORY_CONFIRMATION,,,,,evidence_only,,Official company catalog review,2026-08-21,Confirm actual wire range for the supplied liner.
36kd-liner-5-5m-length,mig-series-36kd,variant,torch-liner,Torch Liner,11,liner-5-5m,Torch Liner 5.5 m,cable_length,Catalog Liner Length,5.5,m,Renqiu Ailesen welding catalog PDF page 11 (catalog pages 15-16).,A,NEEDS_FACTORY_CONFIRMATION,,,,,evidence_only,,Official company catalog review,2026-08-21,Confirm actual supplied liner length.
40kd-series-designation,mig-series-40kd,series,40kd-series,ORK 40KD Series,series,40kd-series,ORK 40KD Air Cooled MIG/MAG Welding Torch,series_designation,Series Designation,ORK 40KD,,Renqiu Ailesen welding catalog PDF page 12 (catalog pages 17-18).,A,NEEDS_FACTORY_CONFIRMATION,,,,,evidence_only,,Official company catalog review,2026-08-21,Catalog family reference only; not a canonical ArcFort Weld model.
40kd-series-compatibility-wording,mig-series-40kd,series,40kd-series,ORK 40KD Series,series,40kd-series,ORK 40KD Air Cooled MIG/MAG Welding Torch,compatibility_statement,Catalog Compatibility Wording,Compatible orch and Parts For BINZEL,,Renqiu Ailesen welding catalog PDF page 12 (catalog pages 17-18).,A,NEEDS_FACTORY_CONFIRMATION,,,,,evidence_only,,Official company catalog review,2026-08-21,Source wording only; it is not confirmed compatibility.
40kd-series-cooling,mig-series-40kd,series,40kd-series,ORK 40KD Series,series,40kd-series,ORK 40KD Air Cooled MIG/MAG Welding Torch,cooling_method,Cooling Method,Air cooled,,Renqiu Ailesen welding catalog PDF page 12 (catalog pages 17-18).,A,NEEDS_FACTORY_CONFIRMATION,,,,,evidence_only,,Official company catalog review,2026-08-21,Confirm the exact supplied arrangement before publication.
40kd-series-rating,mig-series-40kd,series,40kd-series,ORK 40KD Series,series,40kd-series,ORK 40KD Air Cooled MIG/MAG Welding Torch,rating,Catalog Rating,380 A CO2 / 360 A mixed gases,,Renqiu Ailesen welding catalog PDF page 12 (catalog pages 17-18).,A,DATA_CONFLICT,official_oem_catalog,https://www.binzel-abicor.com/uploads/Content/Germany/PDF-Files/PDF_Files_Manuals/BAL_0045_MB_RAB_DE_EN_FR_ES_Neu.pdf,350 A CO2 / 320 A mixed gases,Company catalog value conflicts with the official ABICOR BINZEL MB 40 KD reference; do not publish either as an ArcFort Weld rating.,blocked,,Official company catalog review,2026-08-21,Requires exact supplied-torch factory specification or controlled test evidence.
40kd-series-duty-cycle,mig-series-40kd,series,40kd-series,ORK 40KD Series,series,40kd-series,ORK 40KD Air Cooled MIG/MAG Welding Torch,duty_cycle,Catalog Duty Cycle,60,%,Renqiu Ailesen welding catalog PDF page 12 (catalog pages 17-18).,A,DATA_CONFLICT,official_oem_catalog,https://www.binzel-abicor.com/uploads/Content/Germany/PDF-Files/PDF_Files_Manuals/BAL_0045_MB_RAB_DE_EN_FR_ES_Neu.pdf,35%,Company catalog value conflicts with the official ABICOR BINZEL MB 40 KD reference; do not publish either as an ArcFort Weld duty cycle.,blocked,,Official company catalog review,2026-08-21,Requires exact supplied-torch factory specification or controlled test evidence.
40kd-series-wire-size,mig-series-40kd,series,40kd-series,ORK 40KD Series,series,40kd-series,ORK 40KD Air Cooled MIG/MAG Welding Torch,wire_size,Catalog Wire Size,1.0-2.4,mm,Renqiu Ailesen welding catalog PDF page 12 (catalog pages 17-18).,A,NEEDS_FACTORY_CONFIRMATION,,,,,evidence_only,,Official company catalog review,2026-08-21,Matches the official reference but still requires exact supplied-product confirmation.
40kd-complete-torch-3m-presence,mig-series-40kd,variant,complete-torch,Complete MIG/MAG Welding Torch,assembly,complete-torch-3m,ORK 40KD Complete Torch 3M,component_presence,Catalog Component,ORK 40KD Complete Torch 3M,,Renqiu Ailesen welding catalog PDF page 12 (catalog pages 17-18).,A,NEEDS_FACTORY_CONFIRMATION,,,,,evidence_only,,Official company catalog review,2026-08-21,"Candidate only; exact torch identity, rating and duty cycle are not confirmed."
40kd-complete-torch-3m-length,mig-series-40kd,variant,complete-torch,Complete MIG/MAG Welding Torch,assembly,complete-torch-3m,ORK 40KD Complete Torch 3M,cable_length,Cable Length,3,m,Renqiu Ailesen welding catalog PDF page 12 (catalog pages 17-18).,A,NEEDS_FACTORY_CONFIRMATION,,,,,evidence_only,,Official company catalog review,2026-08-21,Confirm actual supplied cable length.
40kd-complete-torch-5m-presence,mig-series-40kd,variant,complete-torch,Complete MIG/MAG Welding Torch,assembly,complete-torch-5m,ORK 40KD Complete Torch 5M,component_presence,Catalog Component,ORK 40KD Complete Torch 5M,,Renqiu Ailesen welding catalog PDF page 12 (catalog pages 17-18).,A,NEEDS_FACTORY_CONFIRMATION,,,,,evidence_only,,Official company catalog review,2026-08-21,"Candidate only; exact torch identity, rating and duty cycle are not confirmed."
40kd-complete-torch-5m-length,mig-series-40kd,variant,complete-torch,Complete MIG/MAG Welding Torch,assembly,complete-torch-5m,ORK 40KD Complete Torch 5M,cable_length,Cable Length,5,m,Renqiu Ailesen welding catalog PDF page 12 (catalog pages 17-18).,A,NEEDS_FACTORY_CONFIRMATION,,,,,evidence_only,,Official company catalog review,2026-08-21,Confirm actual supplied cable length.
40kd-nozzle-cylindrical-21mm-presence,mig-series-40kd,variant,gas-nozzle,Gas Nozzle,1,nozzle-cylindrical-21mm,Cylindrical Nozzle 21 mm,component_presence,Catalog Component,Cylindrical Nozzle 21 mm,,Renqiu Ailesen welding catalog PDF page 12 (catalog pages 17-18).,A,NEEDS_FACTORY_CONFIRMATION,,,,,evidence_only,,Official company catalog review,2026-08-21,One exact nozzle-profile candidate.
40kd-nozzle-cylindrical-21mm-profile,mig-series-40kd,variant,gas-nozzle,Gas Nozzle,1,nozzle-cylindrical-21mm,Cylindrical Nozzle 21 mm,profile,Nozzle Profile,Cylindrical,,Renqiu Ailesen welding catalog PDF page 12 (catalog pages 17-18).,A,NEEDS_FACTORY_CONFIRMATION,,,,,evidence_only,,Official company catalog review,2026-08-21,Confirm exact geometry against a controlled drawing or sample.
40kd-nozzle-cylindrical-21mm-opening,mig-series-40kd,variant,gas-nozzle,Gas Nozzle,1,nozzle-cylindrical-21mm,Cylindrical Nozzle 21 mm,opening,Opening Diameter,21,mm,Renqiu Ailesen welding catalog PDF page 12 (catalog pages 17-18).,A,NEEDS_FACTORY_CONFIRMATION,,,,,evidence_only,,Official company catalog review,2026-08-21,Confirm opening on the exact supplied variant.
40kd-nozzle-conical-18mm-presence,mig-series-40kd,variant,gas-nozzle,Gas Nozzle,1,nozzle-conical-18mm,Conical Nozzle 18 mm,component_presence,Catalog Component,Conical Nozzle 18 mm,,Renqiu Ailesen welding catalog PDF page 12 (catalog pages 17-18).,A,NEEDS_FACTORY_CONFIRMATION,,,,,evidence_only,,Official company catalog review,2026-08-21,One exact nozzle-profile candidate.
40kd-nozzle-conical-18mm-profile,mig-series-40kd,variant,gas-nozzle,Gas Nozzle,1,nozzle-conical-18mm,Conical Nozzle 18 mm,profile,Nozzle Profile,Conical,,Renqiu Ailesen welding catalog PDF page 12 (catalog pages 17-18).,A,NEEDS_FACTORY_CONFIRMATION,,,,,evidence_only,,Official company catalog review,2026-08-21,Confirm exact geometry against a controlled drawing or sample.
40kd-nozzle-conical-18mm-opening,mig-series-40kd,variant,gas-nozzle,Gas Nozzle,1,nozzle-conical-18mm,Conical Nozzle 18 mm,opening,Opening Diameter,18,mm,Renqiu Ailesen welding catalog PDF page 12 (catalog pages 17-18).,A,NEEDS_FACTORY_CONFIRMATION,,,,,evidence_only,,Official company catalog review,2026-08-21,Confirm opening on the exact supplied variant.
40kd-nozzle-tapered-14mm-presence,mig-series-40kd,variant,gas-nozzle,Gas Nozzle,1,nozzle-tapered-14mm,Tapered Nozzle 14 mm,component_presence,Catalog Component,Tapered Nozzle 14 mm,,Renqiu Ailesen welding catalog PDF page 12 (catalog pages 17-18).,A,NEEDS_FACTORY_CONFIRMATION,,,,,evidence_only,,Official company catalog review,2026-08-21,One exact nozzle-profile candidate.
40kd-nozzle-tapered-14mm-profile,mig-series-40kd,variant,gas-nozzle,Gas Nozzle,1,nozzle-tapered-14mm,Tapered Nozzle 14 mm,profile,Nozzle Profile,Tapered,,Renqiu Ailesen welding catalog PDF page 12 (catalog pages 17-18).,A,NEEDS_FACTORY_CONFIRMATION,,,,,evidence_only,,Official company catalog review,2026-08-21,Confirm exact geometry against a controlled drawing or sample.
40kd-nozzle-tapered-14mm-opening,mig-series-40kd,variant,gas-nozzle,Gas Nozzle,1,nozzle-tapered-14mm,Tapered Nozzle 14 mm,opening,Opening Diameter,14,mm,Renqiu Ailesen welding catalog PDF page 12 (catalog pages 17-18).,A,NEEDS_FACTORY_CONFIRMATION,,,,,evidence_only,,Official company catalog review,2026-08-21,Confirm opening on the exact supplied variant.
40kd-contact-tip-ecu-1-0mm-presence,mig-series-40kd,variant,contact-tip,Contact Tip,2,contact-tip-ecu-1-0mm,E-Cu Contact Tip 1.0 mm,component_presence,Catalog Component,E-Cu Contact Tip 1.0 mm,,Renqiu Ailesen welding catalog PDF page 12 (catalog pages 17-18).,A,NEEDS_FACTORY_CONFIRMATION,,,,,evidence_only,,Official company catalog review,2026-08-21,Candidate only; exact material grade and orifice require confirmation.
40kd-contact-tip-ecu-1-0mm-material,mig-series-40kd,variant,contact-tip,Contact Tip,2,contact-tip-ecu-1-0mm,E-Cu Contact Tip 1.0 mm,material,Catalog Material,E-Cu,,Renqiu Ailesen welding catalog PDF page 12 (catalog pages 17-18).,A,NEEDS_FACTORY_CONFIRMATION,,,,,evidence_only,,Official company catalog review,2026-08-21,Catalog designation requires confirmation for the supplied item.
40kd-contact-tip-ecu-1-0mm-wire,mig-series-40kd,variant,contact-tip,Contact Tip,2,contact-tip-ecu-1-0mm,E-Cu Contact Tip 1.0 mm,wire_size,Wire Size,1.0,mm,Renqiu Ailesen welding catalog PDF page 12 (catalog pages 17-18).,A,NEEDS_FACTORY_CONFIRMATION,,,,,evidence_only,,Official company catalog review,2026-08-21,Confirm marking and actual wire bore on the exact product.
40kd-contact-tip-ecu-1-2mm-presence,mig-series-40kd,variant,contact-tip,Contact Tip,2,contact-tip-ecu-1-2mm,E-Cu Contact Tip 1.2 mm,component_presence,Catalog Component,E-Cu Contact Tip 1.2 mm,,Renqiu Ailesen welding catalog PDF page 12 (catalog pages 17-18).,A,NEEDS_FACTORY_CONFIRMATION,,,,,evidence_only,,Official company catalog review,2026-08-21,Candidate only; exact material grade and orifice require confirmation.
40kd-contact-tip-ecu-1-2mm-material,mig-series-40kd,variant,contact-tip,Contact Tip,2,contact-tip-ecu-1-2mm,E-Cu Contact Tip 1.2 mm,material,Catalog Material,E-Cu,,Renqiu Ailesen welding catalog PDF page 12 (catalog pages 17-18).,A,NEEDS_FACTORY_CONFIRMATION,,,,,evidence_only,,Official company catalog review,2026-08-21,Catalog designation requires confirmation for the supplied item.
40kd-contact-tip-ecu-1-2mm-wire,mig-series-40kd,variant,contact-tip,Contact Tip,2,contact-tip-ecu-1-2mm,E-Cu Contact Tip 1.2 mm,wire_size,Wire Size,1.2,mm,Renqiu Ailesen welding catalog PDF page 12 (catalog pages 17-18).,A,NEEDS_FACTORY_CONFIRMATION,,,,,evidence_only,,Official company catalog review,2026-08-21,Confirm marking and actual wire bore on the exact product.
40kd-contact-tip-ecu-1-6mm-presence,mig-series-40kd,variant,contact-tip,Contact Tip,2,contact-tip-ecu-1-6mm,E-Cu Contact Tip 1.6 mm,component_presence,Catalog Component,E-Cu Contact Tip 1.6 mm,,Renqiu Ailesen welding catalog PDF page 12 (catalog pages 17-18).,A,NEEDS_FACTORY_CONFIRMATION,,,,,evidence_only,,Official company catalog review,2026-08-21,Candidate only; exact material grade and orifice require confirmation.
40kd-contact-tip-ecu-1-6mm-material,mig-series-40kd,variant,contact-tip,Contact Tip,2,contact-tip-ecu-1-6mm,E-Cu Contact Tip 1.6 mm,material,Catalog Material,E-Cu,,Renqiu Ailesen welding catalog PDF page 12 (catalog pages 17-18).,A,NEEDS_FACTORY_CONFIRMATION,,,,,evidence_only,,Official company catalog review,2026-08-21,Catalog designation requires confirmation for the supplied item.
40kd-contact-tip-ecu-1-6mm-wire,mig-series-40kd,variant,contact-tip,Contact Tip,2,contact-tip-ecu-1-6mm,E-Cu Contact Tip 1.6 mm,wire_size,Wire Size,1.6,mm,Renqiu Ailesen welding catalog PDF page 12 (catalog pages 17-18).,A,NEEDS_FACTORY_CONFIRMATION,,,,,evidence_only,,Official company catalog review,2026-08-21,Confirm marking and actual wire bore on the exact product.
40kd-contact-tip-cucrzr-1-0mm-presence,mig-series-40kd,variant,contact-tip,Contact Tip,2,contact-tip-cucrzr-1-0mm,CuCrZr Contact Tip 1.0 mm,component_presence,Catalog Component,CuCrZr Contact Tip 1.0 mm,,Renqiu Ailesen welding catalog PDF page 12 (catalog pages 17-18).,A,NEEDS_FACTORY_CONFIRMATION,,,,,evidence_only,,Official company catalog review,2026-08-21,Candidate only; exact material grade and orifice require confirmation.
40kd-contact-tip-cucrzr-1-0mm-material,mig-series-40kd,variant,contact-tip,Contact Tip,2,contact-tip-cucrzr-1-0mm,CuCrZr Contact Tip 1.0 mm,material,Catalog Material,CuCrZr,,Renqiu Ailesen welding catalog PDF page 12 (catalog pages 17-18).,A,NEEDS_FACTORY_CONFIRMATION,,,,,evidence_only,,Official company catalog review,2026-08-21,Catalog designation requires confirmation for the supplied item.
40kd-contact-tip-cucrzr-1-0mm-wire,mig-series-40kd,variant,contact-tip,Contact Tip,2,contact-tip-cucrzr-1-0mm,CuCrZr Contact Tip 1.0 mm,wire_size,Wire Size,1.0,mm,Renqiu Ailesen welding catalog PDF page 12 (catalog pages 17-18).,A,NEEDS_FACTORY_CONFIRMATION,,,,,evidence_only,,Official company catalog review,2026-08-21,Confirm marking and actual wire bore on the exact product.
40kd-contact-tip-cucrzr-1-2mm-presence,mig-series-40kd,variant,contact-tip,Contact Tip,2,contact-tip-cucrzr-1-2mm,CuCrZr Contact Tip 1.2 mm,component_presence,Catalog Component,CuCrZr Contact Tip 1.2 mm,,Renqiu Ailesen welding catalog PDF page 12 (catalog pages 17-18).,A,NEEDS_FACTORY_CONFIRMATION,,,,,evidence_only,,Official company catalog review,2026-08-21,Candidate only; exact material grade and orifice require confirmation.
40kd-contact-tip-cucrzr-1-2mm-material,mig-series-40kd,variant,contact-tip,Contact Tip,2,contact-tip-cucrzr-1-2mm,CuCrZr Contact Tip 1.2 mm,material,Catalog Material,CuCrZr,,Renqiu Ailesen welding catalog PDF page 12 (catalog pages 17-18).,A,NEEDS_FACTORY_CONFIRMATION,,,,,evidence_only,,Official company catalog review,2026-08-21,Catalog designation requires confirmation for the supplied item.
40kd-contact-tip-cucrzr-1-2mm-wire,mig-series-40kd,variant,contact-tip,Contact Tip,2,contact-tip-cucrzr-1-2mm,CuCrZr Contact Tip 1.2 mm,wire_size,Wire Size,1.2,mm,Renqiu Ailesen welding catalog PDF page 12 (catalog pages 17-18).,A,NEEDS_FACTORY_CONFIRMATION,,,,,evidence_only,,Official company catalog review,2026-08-21,Confirm marking and actual wire bore on the exact product.
40kd-contact-tip-cucrzr-1-6mm-presence,mig-series-40kd,variant,contact-tip,Contact Tip,2,contact-tip-cucrzr-1-6mm,CuCrZr Contact Tip 1.6 mm,component_presence,Catalog Component,CuCrZr Contact Tip 1.6 mm,,Renqiu Ailesen welding catalog PDF page 12 (catalog pages 17-18).,A,NEEDS_FACTORY_CONFIRMATION,,,,,evidence_only,,Official company catalog review,2026-08-21,Candidate only; exact material grade and orifice require confirmation.
40kd-contact-tip-cucrzr-1-6mm-material,mig-series-40kd,variant,contact-tip,Contact Tip,2,contact-tip-cucrzr-1-6mm,CuCrZr Contact Tip 1.6 mm,material,Catalog Material,CuCrZr,,Renqiu Ailesen welding catalog PDF page 12 (catalog pages 17-18).,A,NEEDS_FACTORY_CONFIRMATION,,,,,evidence_only,,Official company catalog review,2026-08-21,Catalog designation requires confirmation for the supplied item.
40kd-contact-tip-cucrzr-1-6mm-wire,mig-series-40kd,variant,contact-tip,Contact Tip,2,contact-tip-cucrzr-1-6mm,CuCrZr Contact Tip 1.6 mm,wire_size,Wire Size,1.6,mm,Renqiu Ailesen welding catalog PDF page 12 (catalog pages 17-18).,A,NEEDS_FACTORY_CONFIRMATION,,,,,evidence_only,,Official company catalog review,2026-08-21,Confirm marking and actual wire bore on the exact product.
40kd-contact-tip-cucrzr-2-0mm-presence,mig-series-40kd,variant,contact-tip,Contact Tip,2,contact-tip-cucrzr-2-0mm,CuCrZr Contact Tip 2.0 mm,component_presence,Catalog Component,CuCrZr Contact Tip 2.0 mm,,Renqiu Ailesen welding catalog PDF page 12 (catalog pages 17-18).,A,NEEDS_FACTORY_CONFIRMATION,,,,,evidence_only,,Official company catalog review,2026-08-21,Candidate only; exact material grade and orifice require confirmation.
40kd-contact-tip-cucrzr-2-0mm-material,mig-series-40kd,variant,contact-tip,Contact Tip,2,contact-tip-cucrzr-2-0mm,CuCrZr Contact Tip 2.0 mm,material,Catalog Material,CuCrZr,,Renqiu Ailesen welding catalog PDF page 12 (catalog pages 17-18).,A,NEEDS_FACTORY_CONFIRMATION,,,,,evidence_only,,Official company catalog review,2026-08-21,Catalog designation requires confirmation for the supplied item.
40kd-contact-tip-cucrzr-2-0mm-wire,mig-series-40kd,variant,contact-tip,Contact Tip,2,contact-tip-cucrzr-2-0mm,CuCrZr Contact Tip 2.0 mm,wire_size,Wire Size,2.0,mm,Renqiu Ailesen welding catalog PDF page 12 (catalog pages 17-18).,A,NEEDS_FACTORY_CONFIRMATION,,,,,evidence_only,,Official company catalog review,2026-08-21,Confirm marking and actual wire bore on the exact product.
40kd-contact-tip-cucrzr-2-4mm-presence,mig-series-40kd,variant,contact-tip,Contact Tip,2,contact-tip-cucrzr-2-4mm,CuCrZr Contact Tip 2.4 mm,component_presence,Catalog Component,CuCrZr Contact Tip 2.4 mm,,Renqiu Ailesen welding catalog PDF page 12 (catalog pages 17-18).,A,NEEDS_FACTORY_CONFIRMATION,,,,,evidence_only,,Official company catalog review,2026-08-21,Candidate only; exact material grade and orifice require confirmation.
40kd-contact-tip-cucrzr-2-4mm-material,mig-series-40kd,variant,contact-tip,Contact Tip,2,contact-tip-cucrzr-2-4mm,CuCrZr Contact Tip 2.4 mm,material,Catalog Material,CuCrZr,,Renqiu Ailesen welding catalog PDF page 12 (catalog pages 17-18).,A,NEEDS_FACTORY_CONFIRMATION,,,,,evidence_only,,Official company catalog review,2026-08-21,Catalog designation requires confirmation for the supplied item.
40kd-contact-tip-cucrzr-2-4mm-wire,mig-series-40kd,variant,contact-tip,Contact Tip,2,contact-tip-cucrzr-2-4mm,CuCrZr Contact Tip 2.4 mm,wire_size,Wire Size,2.4,mm,Renqiu Ailesen welding catalog PDF page 12 (catalog pages 17-18).,A,NEEDS_FACTORY_CONFIRMATION,,,,,evidence_only,,Official company catalog review,2026-08-21,Confirm marking and actual wire bore on the exact product.
40kd-contact-tip-family-thread,mig-series-40kd,family,contact-tip,Contact Tip,2,contact-tip-family,40KD Contact Tip Family,thread,Catalog Thread,M8,,Renqiu Ailesen welding catalog PDF page 12 (catalog pages 17-18).,A,NEEDS_FACTORY_CONFIRMATION,,,,,evidence_only,,Official company catalog review,2026-08-21,Family diagram reference; confirm every supplied variant.
40kd-contact-tip-family-length,mig-series-40kd,family,contact-tip,Contact Tip,2,contact-tip-family,40KD Contact Tip Family,overall_length,Catalog Length,30,mm,Renqiu Ailesen welding catalog PDF page 12 (catalog pages 17-18).,A,NEEDS_FACTORY_CONFIRMATION,,,,,evidence_only,,Official company catalog review,2026-08-21,Family diagram reference; confirm every supplied variant.
40kd-contact-tip-family-body-diameter,mig-series-40kd,family,contact-tip,Contact Tip,2,contact-tip-family,40KD Contact Tip Family,outside_diameter,Catalog Body Diameter,10,mm,Renqiu Ailesen welding catalog PDF page 12 (catalog pages 17-18).,A,NEEDS_FACTORY_CONFIRMATION,,,,,evidence_only,,Official company catalog review,2026-08-21,Family diagram reference; confirm every supplied variant.
40kd-tip-holder-presence,mig-series-40kd,variant,tip-holder,Contact Tip Holder,3,tip-holder-43mm,Contact Tip Holder M8 x 43 mm,component_presence,Catalog Component,Contact Tip Holder M8 x 43 mm,,Renqiu Ailesen welding catalog PDF page 12 (catalog pages 17-18).,A,NEEDS_FACTORY_CONFIRMATION,,,,,evidence_only,,Official company catalog review,2026-08-21,Candidate only; both interfaces require confirmation.
40kd-tip-holder-thread,mig-series-40kd,variant,tip-holder,Contact Tip Holder,3,tip-holder-43mm,Contact Tip Holder M8 x 43 mm,thread,Catalog Threads,M8 / M8,,Renqiu Ailesen welding catalog PDF page 12 (catalog pages 17-18).,A,NEEDS_FACTORY_CONFIRMATION,,,,,evidence_only,,Official company catalog review,2026-08-21,Confirm both thread interfaces.
40kd-tip-holder-length,mig-series-40kd,variant,tip-holder,Contact Tip Holder,3,tip-holder-43mm,Contact Tip Holder M8 x 43 mm,overall_length,Catalog Length,43,mm,Renqiu Ailesen welding catalog PDF page 12 (catalog pages 17-18).,A,NEEDS_FACTORY_CONFIRMATION,,,,,evidence_only,,Official company catalog review,2026-08-21,Confirm exact supplied length.
40kd-gas-diffuser-dmc-presence,mig-series-40kd,variant,gas-diffuser,Gas Diffuser,4,gas-diffuser-dmc,Gas Diffuser DMC,component_presence,Catalog Component,Gas Diffuser DMC,,Renqiu Ailesen welding catalog PDF page 12 (catalog pages 17-18).,A,NEEDS_FACTORY_CONFIRMATION,,,,,evidence_only,,Official company catalog review,2026-08-21,Separate construction candidate; exact interfaces require confirmation.
40kd-gas-diffuser-dmc-variant,mig-series-40kd,variant,gas-diffuser,Gas Diffuser,4,gas-diffuser-dmc,Gas Diffuser DMC,variant,Catalog Variant,DMC,,Renqiu Ailesen welding catalog PDF page 12 (catalog pages 17-18).,A,NEEDS_FACTORY_CONFIRMATION,,,,,evidence_only,,Official company catalog review,2026-08-21,Catalog label only; confirm actual supplied construction.
40kd-gas-diffuser-ceramic-presence,mig-series-40kd,variant,gas-diffuser,Gas Diffuser,4,gas-diffuser-ceramic,Gas Diffuser Ceramic,component_presence,Catalog Component,Gas Diffuser Ceramic,,Renqiu Ailesen welding catalog PDF page 12 (catalog pages 17-18).,A,NEEDS_FACTORY_CONFIRMATION,,,,,evidence_only,,Official company catalog review,2026-08-21,Separate construction candidate; exact interfaces require confirmation.
40kd-gas-diffuser-ceramic-variant,mig-series-40kd,variant,gas-diffuser,Gas Diffuser,4,gas-diffuser-ceramic,Gas Diffuser Ceramic,variant,Catalog Variant,Ceramic,,Renqiu Ailesen welding catalog PDF page 12 (catalog pages 17-18).,A,NEEDS_FACTORY_CONFIRMATION,,,,,evidence_only,,Official company catalog review,2026-08-21,Catalog label only; confirm actual supplied construction.
40kd-gas-diffuser-family-length,mig-series-40kd,family,gas-diffuser,Gas Diffuser,4,gas-diffuser-family,40KD Gas Diffuser Family,overall_length,Catalog Diagram Length,31.8,mm,Renqiu Ailesen welding catalog PDF page 12 (catalog pages 17-18).,A,NEEDS_FACTORY_CONFIRMATION,,,,,evidence_only,,Official company catalog review,2026-08-21,Shared diagram reference only; confirm both variants.
40kd-swan-neck-presence,mig-series-40kd,variant,swan-neck,Swan Neck,5,swan-neck,Swan Neck,component_presence,Catalog Component,Swan Neck,,Renqiu Ailesen welding catalog PDF page 12 (catalog pages 17-18).,A,NEEDS_FACTORY_CONFIRMATION,,,,,evidence_only,,Official company catalog review,2026-08-21,Catalog-presence candidate only; exact identity requires confirmation.
40kd-cable-support-spring-presence,mig-series-40kd,variant,cable-support-spring,Cable Support Spring,6,cable-support-spring,Cable Support Spring,component_presence,Catalog Component,Cable Support Spring,,Renqiu Ailesen welding catalog PDF page 12 (catalog pages 17-18).,A,NEEDS_FACTORY_CONFIRMATION,,,,,evidence_only,,Official company catalog review,2026-08-21,Catalog-presence candidate only; exact identity requires confirmation.
40kd-rear-handle-presence,mig-series-40kd,variant,rear-handle,Rear Handle,7,rear-handle,Rear Handle,component_presence,Catalog Component,Rear Handle,,Renqiu Ailesen welding catalog PDF page 12 (catalog pages 17-18).,A,NEEDS_FACTORY_CONFIRMATION,,,,,evidence_only,,Official company catalog review,2026-08-21,Catalog-presence candidate only; exact identity requires confirmation.
40kd-adaptor-nut-presence,mig-series-40kd,variant,adaptor-nut,Adaptor Nut,8,adaptor-nut,Adaptor Nut,component_presence,Catalog Component,Adaptor Nut,,Renqiu Ailesen welding catalog PDF page 12 (catalog pages 17-18).,A,NEEDS_FACTORY_CONFIRMATION,,,,,evidence_only,,Official company catalog review,2026-08-21,Catalog-presence candidate only; exact identity requires confirmation.
40kd-swan-neck-thread,mig-series-40kd,variant,swan-neck,Swan Neck,5,swan-neck,Swan Neck,thread,Catalog Front Thread,M8,,Renqiu Ailesen welding catalog PDF page 12 (catalog pages 17-18).,A,NEEDS_FACTORY_CONFIRMATION,,,,,evidence_only,,Official company catalog review,2026-08-21,Confirm exact front interface and neck geometry.
40kd-euro-connector-presence,mig-series-40kd,variant,euro-connector,Euro Connector,9,euro-connector,Euro Connector,component_presence,Catalog Component,Euro Connector,,Renqiu Ailesen welding catalog PDF page 12 (catalog pages 17-18).,A,NEEDS_FACTORY_CONFIRMATION,,,,,evidence_only,,Official company catalog review,2026-08-21,Pin and gas/power interfaces require confirmation.
40kd-euro-connector-type,mig-series-40kd,variant,euro-connector,Euro Connector,9,euro-connector,Euro Connector,connection,Catalog Connection Type,Euro Connector,,Renqiu Ailesen welding catalog PDF page 12 (catalog pages 17-18).,A,NEEDS_FACTORY_CONFIRMATION,,,,,evidence_only,,Official company catalog review,2026-08-21,Generic label only; exact connector arrangement requires confirmation.
40kd-connector-nut-presence,mig-series-40kd,variant,connector-nut,Connector Nut,10,nut-m10x1,Nut M10 x 1,component_presence,Catalog Component,Nut M10 x 1,,Renqiu Ailesen welding catalog PDF page 12 (catalog pages 17-18).,A,NEEDS_FACTORY_CONFIRMATION,,,,,evidence_only,,Official company catalog review,2026-08-21,Confirm thread direction and dimensions.
40kd-connector-nut-thread,mig-series-40kd,variant,connector-nut,Connector Nut,10,nut-m10x1,Nut M10 x 1,thread,Catalog Thread,M10 x 1,,Renqiu Ailesen welding catalog PDF page 12 (catalog pages 17-18).,A,NEEDS_FACTORY_CONFIRMATION,,,,,evidence_only,,Official company catalog review,2026-08-21,Confirm thread direction and fit.
40kd-liner-3-5m-presence,mig-series-40kd,variant,torch-liner,Torch Liner,11,liner-3-5m,Torch Liner 3.5 m,component_presence,Catalog Component,Torch Liner for 1.2-1.6 mm wire / 3.5 m,,Renqiu Ailesen welding catalog PDF page 12 (catalog pages 17-18).,A,NEEDS_FACTORY_CONFIRMATION,,,,,evidence_only,,Official company catalog review,2026-08-21,Candidate only; ends and construction require confirmation.
40kd-liner-3-5m-wire,mig-series-40kd,variant,torch-liner,Torch Liner,11,liner-3-5m,Torch Liner 3.5 m,wire_size,Catalog Wire Size,1.2-1.6,mm,Renqiu Ailesen welding catalog PDF page 12 (catalog pages 17-18).,A,NEEDS_FACTORY_CONFIRMATION,,,,,evidence_only,,Official company catalog review,2026-08-21,Confirm actual wire range for the supplied liner.
40kd-liner-3-5m-length,mig-series-40kd,variant,torch-liner,Torch Liner,11,liner-3-5m,Torch Liner 3.5 m,cable_length,Catalog Liner Length,3.5,m,Renqiu Ailesen welding catalog PDF page 12 (catalog pages 17-18).,A,NEEDS_FACTORY_CONFIRMATION,,,,,evidence_only,,Official company catalog review,2026-08-21,Confirm actual supplied liner length.
40kd-liner-5-5m-presence,mig-series-40kd,variant,torch-liner,Torch Liner,11,liner-5-5m,Torch Liner 5.5 m,component_presence,Catalog Component,Torch Liner for 1.2-1.6 mm wire / 5.5 m,,Renqiu Ailesen welding catalog PDF page 12 (catalog pages 17-18).,A,NEEDS_FACTORY_CONFIRMATION,,,,,evidence_only,,Official company catalog review,2026-08-21,Candidate only; ends and construction require confirmation.
40kd-liner-5-5m-wire,mig-series-40kd,variant,torch-liner,Torch Liner,11,liner-5-5m,Torch Liner 5.5 m,wire_size,Catalog Wire Size,1.2-1.6,mm,Renqiu Ailesen welding catalog PDF page 12 (catalog pages 17-18).,A,NEEDS_FACTORY_CONFIRMATION,,,,,evidence_only,,Official company catalog review,2026-08-21,Confirm actual wire range for the supplied liner.
40kd-liner-5-5m-length,mig-series-40kd,variant,torch-liner,Torch Liner,11,liner-5-5m,Torch Liner 5.5 m,cable_length,Catalog Liner Length,5.5,m,Renqiu Ailesen welding catalog PDF page 12 (catalog pages 17-18).,A,NEEDS_FACTORY_CONFIRMATION,,,,,evidence_only,,Official company catalog review,2026-08-21,Confirm actual supplied liner length.
501d-series-designation,mig-series-501d,series,501d-series,ORK 501D Series,series,501d-series,ORK 501D Water Cooled MIG/MAG Welding Torch,series_designation,Series Designation,ORK 501D,,Renqiu Ailesen welding catalog PDF page 13 (catalog pages 19-20).,A,NEEDS_FACTORY_CONFIRMATION,,,,,evidence_only,,Official company catalog review,2026-08-21,Catalog family reference only; not a canonical ArcFort Weld model.
501d-series-compatibility-wording,mig-series-501d,series,501d-series,ORK 501D Series,series,501d-series,ORK 501D Water Cooled MIG/MAG Welding Torch,compatibility_statement,Catalog Compatibility Wording,Compatible orch and Parts For BINZEL,,Renqiu Ailesen welding catalog PDF page 13 (catalog pages 19-20).,A,NEEDS_FACTORY_CONFIRMATION,,,,,evidence_only,,Official company catalog review,2026-08-21,Source wording only; it is not confirmed compatibility.
501d-series-cooling,mig-series-501d,series,501d-series,ORK 501D Series,series,501d-series,ORK 501D Water Cooled MIG/MAG Welding Torch,cooling_method,Cooling Method,Water cooled,,Renqiu Ailesen welding catalog PDF page 13 (catalog pages 19-20).,A,NEEDS_FACTORY_CONFIRMATION,,,,,evidence_only,,Official company catalog review,2026-08-21,Confirm actual coolant circuit and required connections before publication.
501d-series-rating,mig-series-501d,series,501d-series,ORK 501D Series,series,501d-series,ORK 501D Water Cooled MIG/MAG Welding Torch,rating,Catalog Rating,380 A CO2 / 360 A mixed gases,,Renqiu Ailesen welding catalog PDF page 13 (catalog pages 19-20).,A,DATA_CONFLICT,official_oem_catalog,https://www.binzel-abicor.com/uploads/Content/Germany/PDF-Files/PDF_Files_MIGMAG/English/PRO_M277_GB_MIGMAG_31_WEB_PW.pdf,500 A CO2 / 450 A mixed gases,Company catalog value conflicts with the official ABICOR BINZEL MB GRIP 501 D reference; do not publish either as an ArcFort Weld rating.,blocked,,Official company catalog review,2026-08-21,Requires exact supplied-torch Level A factory specification or controlled test evidence.
501d-series-duty-cycle,mig-series-501d,series,501d-series,ORK 501D Series,series,501d-series,ORK 501D Water Cooled MIG/MAG Welding Torch,duty_cycle,Catalog Duty Cycle,60,%,Renqiu Ailesen welding catalog PDF page 13 (catalog pages 19-20).,A,DATA_CONFLICT,official_oem_catalog,https://www.binzel-abicor.com/uploads/Content/Germany/PDF-Files/PDF_Files_MIGMAG/English/PRO_M277_GB_MIGMAG_31_WEB_PW.pdf,100%,Company catalog value conflicts with the official ABICOR BINZEL MB GRIP 501 D reference; do not publish either as an ArcFort Weld duty cycle.,blocked,,Official company catalog review,2026-08-21,Requires exact supplied-torch Level A factory specification or controlled test evidence.
501d-series-wire-size,mig-series-501d,series,501d-series,ORK 501D Series,series,501d-series,ORK 501D Water Cooled MIG/MAG Welding Torch,wire_size,Catalog Wire Size,1.0-2.4,mm,Renqiu Ailesen welding catalog PDF page 13 (catalog pages 19-20).,A,DATA_CONFLICT,official_oem_catalog,https://www.binzel-abicor.com/uploads/Content/Germany/PDF-Files/PDF_Files_MIGMAG/English/PRO_M277_GB_MIGMAG_31_WEB_PW.pdf,1.0-1.6 mm,Company catalog value conflicts with the official ABICOR BINZEL MB GRIP 501 D reference; do not publish either as an ArcFort Weld wire-size range.,blocked,,Official company catalog review,2026-08-21,Requires exact supplied-torch Level A factory specification or controlled test evidence.
501d-complete-torch-3m-presence,mig-series-501d,variant,complete-torch,Complete Water-Cooled MIG/MAG Welding Torch,assembly,complete-torch-3m,ORK 501D Complete Torch 3M,component_presence,Catalog Component,ORK 501D Complete Torch 3M,,Renqiu Ailesen welding catalog PDF page 13 (catalog pages 19-20).,A,NEEDS_FACTORY_CONFIRMATION,,,,,evidence_only,,Official company catalog review,2026-08-21,"Candidate only; torch identity, media circuit and technical values are not confirmed."
501d-complete-torch-3m-length,mig-series-501d,variant,complete-torch,Complete Water-Cooled MIG/MAG Welding Torch,assembly,complete-torch-3m,ORK 501D Complete Torch 3M,cable_length,Cable Length,3,m,Renqiu Ailesen welding catalog PDF page 13 (catalog pages 19-20).,A,NEEDS_FACTORY_CONFIRMATION,,,,,evidence_only,,Official company catalog review,2026-08-21,Confirm actual supplied cable length.
501d-complete-torch-5m-presence,mig-series-501d,variant,complete-torch,Complete Water-Cooled MIG/MAG Welding Torch,assembly,complete-torch-5m,ORK 501D Complete Torch 5M,component_presence,Catalog Component,ORK 501D Complete Torch 5M,,Renqiu Ailesen welding catalog PDF page 13 (catalog pages 19-20).,A,NEEDS_FACTORY_CONFIRMATION,,,,,evidence_only,,Official company catalog review,2026-08-21,"Candidate only; torch identity, media circuit and technical values are not confirmed."
501d-complete-torch-5m-length,mig-series-501d,variant,complete-torch,Complete Water-Cooled MIG/MAG Welding Torch,assembly,complete-torch-5m,ORK 501D Complete Torch 5M,cable_length,Cable Length,5,m,Renqiu Ailesen welding catalog PDF page 13 (catalog pages 19-20).,A,NEEDS_FACTORY_CONFIRMATION,,,,,evidence_only,,Official company catalog review,2026-08-21,Confirm actual supplied cable length.
501d-nozzle-cylindrical-20mm-wall-2-0-presence,mig-series-501d,variant,gas-nozzle,Gas Nozzle,1,nozzle-cylindrical-20mm-wall-2-0,Cylindrical Nozzle 20 mm / 2.0 mm Wall,component_presence,Catalog Component,Cylindrical Nozzle 20 mm / 2.0 mm Wall,,Renqiu Ailesen welding catalog PDF page 13 (catalog pages 19-20).,A,NEEDS_FACTORY_CONFIRMATION,,,,,evidence_only,,Official company catalog review,2026-08-21,One exact profile/wall candidate.
501d-nozzle-cylindrical-20mm-wall-2-0-profile,mig-series-501d,variant,gas-nozzle,Gas Nozzle,1,nozzle-cylindrical-20mm-wall-2-0,Cylindrical Nozzle 20 mm / 2.0 mm Wall,profile,Nozzle Profile,Cylindrical,,Renqiu Ailesen welding catalog PDF page 13 (catalog pages 19-20).,A,NEEDS_FACTORY_CONFIRMATION,,,,,evidence_only,,Official company catalog review,2026-08-21,Confirm exact geometry.
501d-nozzle-cylindrical-20mm-wall-2-0-opening,mig-series-501d,variant,gas-nozzle,Gas Nozzle,1,nozzle-cylindrical-20mm-wall-2-0,Cylindrical Nozzle 20 mm / 2.0 mm Wall,opening,Opening Diameter,20,mm,Renqiu Ailesen welding catalog PDF page 13 (catalog pages 19-20).,A,NEEDS_FACTORY_CONFIRMATION,,,,,evidence_only,,Official company catalog review,2026-08-21,Confirm exact supplied opening.
501d-nozzle-cylindrical-20mm-wall-2-0-wall,mig-series-501d,variant,gas-nozzle,Gas Nozzle,1,nozzle-cylindrical-20mm-wall-2-0,Cylindrical Nozzle 20 mm / 2.0 mm Wall,wall_thickness,Catalog Wall Thickness,2.0,mm,Renqiu Ailesen welding catalog PDF page 13 (catalog pages 19-20).,A,NEEDS_FACTORY_CONFIRMATION,,,,,evidence_only,,Official company catalog review,2026-08-21,Confirm wall thickness by drawing or measurement.
501d-nozzle-conical-16mm-wall-2-0-presence,mig-series-501d,variant,gas-nozzle,Gas Nozzle,1,nozzle-conical-16mm-wall-2-0,Conical Nozzle 16 mm / 2.0 mm Wall,component_presence,Catalog Component,Conical Nozzle 16 mm / 2.0 mm Wall,,Renqiu Ailesen welding catalog PDF page 13 (catalog pages 19-20).,A,NEEDS_FACTORY_CONFIRMATION,,,,,evidence_only,,Official company catalog review,2026-08-21,One exact profile/wall candidate.
501d-nozzle-conical-16mm-wall-2-0-profile,mig-series-501d,variant,gas-nozzle,Gas Nozzle,1,nozzle-conical-16mm-wall-2-0,Conical Nozzle 16 mm / 2.0 mm Wall,profile,Nozzle Profile,Conical,,Renqiu Ailesen welding catalog PDF page 13 (catalog pages 19-20).,A,NEEDS_FACTORY_CONFIRMATION,,,,,evidence_only,,Official company catalog review,2026-08-21,Confirm exact geometry.
501d-nozzle-conical-16mm-wall-2-0-opening,mig-series-501d,variant,gas-nozzle,Gas Nozzle,1,nozzle-conical-16mm-wall-2-0,Conical Nozzle 16 mm / 2.0 mm Wall,opening,Opening Diameter,16,mm,Renqiu Ailesen welding catalog PDF page 13 (catalog pages 19-20).,A,NEEDS_FACTORY_CONFIRMATION,,,,,evidence_only,,Official company catalog review,2026-08-21,Confirm exact supplied opening.
501d-nozzle-conical-16mm-wall-2-0-wall,mig-series-501d,variant,gas-nozzle,Gas Nozzle,1,nozzle-conical-16mm-wall-2-0,Conical Nozzle 16 mm / 2.0 mm Wall,wall_thickness,Catalog Wall Thickness,2.0,mm,Renqiu Ailesen welding catalog PDF page 13 (catalog pages 19-20).,A,NEEDS_FACTORY_CONFIRMATION,,,,,evidence_only,,Official company catalog review,2026-08-21,Confirm wall thickness by drawing or measurement.
501d-nozzle-tapered-14mm-wall-2-0-presence,mig-series-501d,variant,gas-nozzle,Gas Nozzle,1,nozzle-tapered-14mm-wall-2-0,Tapered Nozzle 14 mm / 2.0 mm Wall,component_presence,Catalog Component,Tapered Nozzle 14 mm / 2.0 mm Wall,,Renqiu Ailesen welding catalog PDF page 13 (catalog pages 19-20).,A,NEEDS_FACTORY_CONFIRMATION,,,,,evidence_only,,Official company catalog review,2026-08-21,One exact profile/wall candidate.
501d-nozzle-tapered-14mm-wall-2-0-profile,mig-series-501d,variant,gas-nozzle,Gas Nozzle,1,nozzle-tapered-14mm-wall-2-0,Tapered Nozzle 14 mm / 2.0 mm Wall,profile,Nozzle Profile,Tapered,,Renqiu Ailesen welding catalog PDF page 13 (catalog pages 19-20).,A,NEEDS_FACTORY_CONFIRMATION,,,,,evidence_only,,Official company catalog review,2026-08-21,Confirm exact geometry.
501d-nozzle-tapered-14mm-wall-2-0-opening,mig-series-501d,variant,gas-nozzle,Gas Nozzle,1,nozzle-tapered-14mm-wall-2-0,Tapered Nozzle 14 mm / 2.0 mm Wall,opening,Opening Diameter,14,mm,Renqiu Ailesen welding catalog PDF page 13 (catalog pages 19-20).,A,NEEDS_FACTORY_CONFIRMATION,,,,,evidence_only,,Official company catalog review,2026-08-21,Confirm exact supplied opening.
501d-nozzle-tapered-14mm-wall-2-0-wall,mig-series-501d,variant,gas-nozzle,Gas Nozzle,1,nozzle-tapered-14mm-wall-2-0,Tapered Nozzle 14 mm / 2.0 mm Wall,wall_thickness,Catalog Wall Thickness,2.0,mm,Renqiu Ailesen welding catalog PDF page 13 (catalog pages 19-20).,A,NEEDS_FACTORY_CONFIRMATION,,,,,evidence_only,,Official company catalog review,2026-08-21,Confirm wall thickness by drawing or measurement.
501d-nozzle-cylindrical-19mm-wall-2-5-presence,mig-series-501d,variant,gas-nozzle,Gas Nozzle,1,nozzle-cylindrical-19mm-wall-2-5,Cylindrical Nozzle 19 mm / 2.5 mm Wall,component_presence,Catalog Component,Cylindrical Nozzle 19 mm / 2.5 mm Wall,,Renqiu Ailesen welding catalog PDF page 13 (catalog pages 19-20).,A,NEEDS_FACTORY_CONFIRMATION,,,,,evidence_only,,Official company catalog review,2026-08-21,One exact profile/wall candidate.
501d-nozzle-cylindrical-19mm-wall-2-5-profile,mig-series-501d,variant,gas-nozzle,Gas Nozzle,1,nozzle-cylindrical-19mm-wall-2-5,Cylindrical Nozzle 19 mm / 2.5 mm Wall,profile,Nozzle Profile,Cylindrical,,Renqiu Ailesen welding catalog PDF page 13 (catalog pages 19-20).,A,NEEDS_FACTORY_CONFIRMATION,,,,,evidence_only,,Official company catalog review,2026-08-21,Confirm exact geometry.
501d-nozzle-cylindrical-19mm-wall-2-5-opening,mig-series-501d,variant,gas-nozzle,Gas Nozzle,1,nozzle-cylindrical-19mm-wall-2-5,Cylindrical Nozzle 19 mm / 2.5 mm Wall,opening,Opening Diameter,19,mm,Renqiu Ailesen welding catalog PDF page 13 (catalog pages 19-20).,A,NEEDS_FACTORY_CONFIRMATION,,,,,evidence_only,,Official company catalog review,2026-08-21,Confirm exact supplied opening.
501d-nozzle-cylindrical-19mm-wall-2-5-wall,mig-series-501d,variant,gas-nozzle,Gas Nozzle,1,nozzle-cylindrical-19mm-wall-2-5,Cylindrical Nozzle 19 mm / 2.5 mm Wall,wall_thickness,Catalog Wall Thickness,2.5,mm,Renqiu Ailesen welding catalog PDF page 13 (catalog pages 19-20).,A,NEEDS_FACTORY_CONFIRMATION,,,,,evidence_only,,Official company catalog review,2026-08-21,Confirm wall thickness by drawing or measurement.
501d-nozzle-conical-16mm-wall-2-5-presence,mig-series-501d,variant,gas-nozzle,Gas Nozzle,1,nozzle-conical-16mm-wall-2-5,Conical Nozzle 16 mm / 2.5 mm Wall,component_presence,Catalog Component,Conical Nozzle 16 mm / 2.5 mm Wall,,Renqiu Ailesen welding catalog PDF page 13 (catalog pages 19-20).,A,NEEDS_FACTORY_CONFIRMATION,,,,,evidence_only,,Official company catalog review,2026-08-21,One exact profile/wall candidate.
501d-nozzle-conical-16mm-wall-2-5-profile,mig-series-501d,variant,gas-nozzle,Gas Nozzle,1,nozzle-conical-16mm-wall-2-5,Conical Nozzle 16 mm / 2.5 mm Wall,profile,Nozzle Profile,Conical,,Renqiu Ailesen welding catalog PDF page 13 (catalog pages 19-20).,A,NEEDS_FACTORY_CONFIRMATION,,,,,evidence_only,,Official company catalog review,2026-08-21,Confirm exact geometry.
501d-nozzle-conical-16mm-wall-2-5-opening,mig-series-501d,variant,gas-nozzle,Gas Nozzle,1,nozzle-conical-16mm-wall-2-5,Conical Nozzle 16 mm / 2.5 mm Wall,opening,Opening Diameter,16,mm,Renqiu Ailesen welding catalog PDF page 13 (catalog pages 19-20).,A,NEEDS_FACTORY_CONFIRMATION,,,,,evidence_only,,Official company catalog review,2026-08-21,Confirm exact supplied opening.
501d-nozzle-conical-16mm-wall-2-5-wall,mig-series-501d,variant,gas-nozzle,Gas Nozzle,1,nozzle-conical-16mm-wall-2-5,Conical Nozzle 16 mm / 2.5 mm Wall,wall_thickness,Catalog Wall Thickness,2.5,mm,Renqiu Ailesen welding catalog PDF page 13 (catalog pages 19-20).,A,NEEDS_FACTORY_CONFIRMATION,,,,,evidence_only,,Official company catalog review,2026-08-21,Confirm wall thickness by drawing or measurement.
501d-nozzle-tapered-14mm-wall-2-5-presence,mig-series-501d,variant,gas-nozzle,Gas Nozzle,1,nozzle-tapered-14mm-wall-2-5,Tapered Nozzle 14 mm / 2.5 mm Wall,component_presence,Catalog Component,Tapered Nozzle 14 mm / 2.5 mm Wall,,Renqiu Ailesen welding catalog PDF page 13 (catalog pages 19-20).,A,NEEDS_FACTORY_CONFIRMATION,,,,,evidence_only,,Official company catalog review,2026-08-21,One exact profile/wall candidate.
501d-nozzle-tapered-14mm-wall-2-5-profile,mig-series-501d,variant,gas-nozzle,Gas Nozzle,1,nozzle-tapered-14mm-wall-2-5,Tapered Nozzle 14 mm / 2.5 mm Wall,profile,Nozzle Profile,Tapered,,Renqiu Ailesen welding catalog PDF page 13 (catalog pages 19-20).,A,NEEDS_FACTORY_CONFIRMATION,,,,,evidence_only,,Official company catalog review,2026-08-21,Confirm exact geometry.
501d-nozzle-tapered-14mm-wall-2-5-opening,mig-series-501d,variant,gas-nozzle,Gas Nozzle,1,nozzle-tapered-14mm-wall-2-5,Tapered Nozzle 14 mm / 2.5 mm Wall,opening,Opening Diameter,14,mm,Renqiu Ailesen welding catalog PDF page 13 (catalog pages 19-20).,A,NEEDS_FACTORY_CONFIRMATION,,,,,evidence_only,,Official company catalog review,2026-08-21,Confirm exact supplied opening.
501d-nozzle-tapered-14mm-wall-2-5-wall,mig-series-501d,variant,gas-nozzle,Gas Nozzle,1,nozzle-tapered-14mm-wall-2-5,Tapered Nozzle 14 mm / 2.5 mm Wall,wall_thickness,Catalog Wall Thickness,2.5,mm,Renqiu Ailesen welding catalog PDF page 13 (catalog pages 19-20).,A,NEEDS_FACTORY_CONFIRMATION,,,,,evidence_only,,Official company catalog review,2026-08-21,Confirm wall thickness by drawing or measurement.
501d-nozzle-family-outside-diameter,mig-series-501d,family,gas-nozzle,Gas Nozzle,1,gas-nozzle-family,501D Gas Nozzle Family,outside_diameter,Catalog Diagram Outside Diameter,24,mm,Renqiu Ailesen welding catalog PDF page 13 (catalog pages 19-20).,A,NEEDS_FACTORY_CONFIRMATION,,,,,evidence_only,,Official company catalog review,2026-08-21,Shared diagram reference only; confirm every profile/wall variant.
501d-nozzle-family-length,mig-series-501d,family,gas-nozzle,Gas Nozzle,1,gas-nozzle-family,501D Gas Nozzle Family,overall_length,Catalog Diagram Length,76,mm,Renqiu Ailesen welding catalog PDF page 13 (catalog pages 19-20).,A,NEEDS_FACTORY_CONFIRMATION,,,,,evidence_only,,Official company catalog review,2026-08-21,Shared diagram reference only; confirm every profile/wall variant.
501d-contact-tip-ecu-1-0mm-presence,mig-series-501d,variant,contact-tip,Contact Tip,2,contact-tip-ecu-1-0mm,E-Cu Contact Tip 1.0 mm,component_presence,Catalog Component,E-Cu Contact Tip 1.0 mm,,Renqiu Ailesen welding catalog PDF page 13 (catalog pages 19-20).,A,NEEDS_FACTORY_CONFIRMATION,,,,,evidence_only,,Official company catalog review,2026-08-21,Candidate only; exact material grade and bore require confirmation.
501d-contact-tip-ecu-1-0mm-material,mig-series-501d,variant,contact-tip,Contact Tip,2,contact-tip-ecu-1-0mm,E-Cu Contact Tip 1.0 mm,material,Catalog Material,E-Cu,,Renqiu Ailesen welding catalog PDF page 13 (catalog pages 19-20).,A,NEEDS_FACTORY_CONFIRMATION,,,,,evidence_only,,Official company catalog review,2026-08-21,Catalog designation requires supplied-item confirmation.
501d-contact-tip-ecu-1-0mm-wire,mig-series-501d,variant,contact-tip,Contact Tip,2,contact-tip-ecu-1-0mm,E-Cu Contact Tip 1.0 mm,wire_size,Wire Size,1.0,mm,Renqiu Ailesen welding catalog PDF page 13 (catalog pages 19-20).,A,NEEDS_FACTORY_CONFIRMATION,,,,,evidence_only,,Official company catalog review,2026-08-21,Confirm marking and actual bore.
501d-contact-tip-ecu-1-2mm-presence,mig-series-501d,variant,contact-tip,Contact Tip,2,contact-tip-ecu-1-2mm,E-Cu Contact Tip 1.2 mm,component_presence,Catalog Component,E-Cu Contact Tip 1.2 mm,,Renqiu Ailesen welding catalog PDF page 13 (catalog pages 19-20).,A,NEEDS_FACTORY_CONFIRMATION,,,,,evidence_only,,Official company catalog review,2026-08-21,Candidate only; exact material grade and bore require confirmation.
501d-contact-tip-ecu-1-2mm-material,mig-series-501d,variant,contact-tip,Contact Tip,2,contact-tip-ecu-1-2mm,E-Cu Contact Tip 1.2 mm,material,Catalog Material,E-Cu,,Renqiu Ailesen welding catalog PDF page 13 (catalog pages 19-20).,A,NEEDS_FACTORY_CONFIRMATION,,,,,evidence_only,,Official company catalog review,2026-08-21,Catalog designation requires supplied-item confirmation.
501d-contact-tip-ecu-1-2mm-wire,mig-series-501d,variant,contact-tip,Contact Tip,2,contact-tip-ecu-1-2mm,E-Cu Contact Tip 1.2 mm,wire_size,Wire Size,1.2,mm,Renqiu Ailesen welding catalog PDF page 13 (catalog pages 19-20).,A,NEEDS_FACTORY_CONFIRMATION,,,,,evidence_only,,Official company catalog review,2026-08-21,Confirm marking and actual bore.
501d-contact-tip-ecu-1-6mm-presence,mig-series-501d,variant,contact-tip,Contact Tip,2,contact-tip-ecu-1-6mm,E-Cu Contact Tip 1.6 mm,component_presence,Catalog Component,E-Cu Contact Tip 1.6 mm,,Renqiu Ailesen welding catalog PDF page 13 (catalog pages 19-20).,A,NEEDS_FACTORY_CONFIRMATION,,,,,evidence_only,,Official company catalog review,2026-08-21,Candidate only; exact material grade and bore require confirmation.
501d-contact-tip-ecu-1-6mm-material,mig-series-501d,variant,contact-tip,Contact Tip,2,contact-tip-ecu-1-6mm,E-Cu Contact Tip 1.6 mm,material,Catalog Material,E-Cu,,Renqiu Ailesen welding catalog PDF page 13 (catalog pages 19-20).,A,NEEDS_FACTORY_CONFIRMATION,,,,,evidence_only,,Official company catalog review,2026-08-21,Catalog designation requires supplied-item confirmation.
501d-contact-tip-ecu-1-6mm-wire,mig-series-501d,variant,contact-tip,Contact Tip,2,contact-tip-ecu-1-6mm,E-Cu Contact Tip 1.6 mm,wire_size,Wire Size,1.6,mm,Renqiu Ailesen welding catalog PDF page 13 (catalog pages 19-20).,A,NEEDS_FACTORY_CONFIRMATION,,,,,evidence_only,,Official company catalog review,2026-08-21,Confirm marking and actual bore.
501d-contact-tip-cucrzr-1-0mm-presence,mig-series-501d,variant,contact-tip,Contact Tip,2,contact-tip-cucrzr-1-0mm,CuCrZr Contact Tip 1.0 mm,component_presence,Catalog Component,CuCrZr Contact Tip 1.0 mm,,Renqiu Ailesen welding catalog PDF page 13 (catalog pages 19-20).,A,NEEDS_FACTORY_CONFIRMATION,,,,,evidence_only,,Official company catalog review,2026-08-21,Candidate only; exact material grade and bore require confirmation.
501d-contact-tip-cucrzr-1-0mm-material,mig-series-501d,variant,contact-tip,Contact Tip,2,contact-tip-cucrzr-1-0mm,CuCrZr Contact Tip 1.0 mm,material,Catalog Material,CuCrZr,,Renqiu Ailesen welding catalog PDF page 13 (catalog pages 19-20).,A,NEEDS_FACTORY_CONFIRMATION,,,,,evidence_only,,Official company catalog review,2026-08-21,Catalog designation requires supplied-item confirmation.
501d-contact-tip-cucrzr-1-0mm-wire,mig-series-501d,variant,contact-tip,Contact Tip,2,contact-tip-cucrzr-1-0mm,CuCrZr Contact Tip 1.0 mm,wire_size,Wire Size,1.0,mm,Renqiu Ailesen welding catalog PDF page 13 (catalog pages 19-20).,A,NEEDS_FACTORY_CONFIRMATION,,,,,evidence_only,,Official company catalog review,2026-08-21,Confirm marking and actual bore.
501d-contact-tip-cucrzr-1-2mm-presence,mig-series-501d,variant,contact-tip,Contact Tip,2,contact-tip-cucrzr-1-2mm,CuCrZr Contact Tip 1.2 mm,component_presence,Catalog Component,CuCrZr Contact Tip 1.2 mm,,Renqiu Ailesen welding catalog PDF page 13 (catalog pages 19-20).,A,NEEDS_FACTORY_CONFIRMATION,,,,,evidence_only,,Official company catalog review,2026-08-21,Candidate only; exact material grade and bore require confirmation.
501d-contact-tip-cucrzr-1-2mm-material,mig-series-501d,variant,contact-tip,Contact Tip,2,contact-tip-cucrzr-1-2mm,CuCrZr Contact Tip 1.2 mm,material,Catalog Material,CuCrZr,,Renqiu Ailesen welding catalog PDF page 13 (catalog pages 19-20).,A,NEEDS_FACTORY_CONFIRMATION,,,,,evidence_only,,Official company catalog review,2026-08-21,Catalog designation requires supplied-item confirmation.
501d-contact-tip-cucrzr-1-2mm-wire,mig-series-501d,variant,contact-tip,Contact Tip,2,contact-tip-cucrzr-1-2mm,CuCrZr Contact Tip 1.2 mm,wire_size,Wire Size,1.2,mm,Renqiu Ailesen welding catalog PDF page 13 (catalog pages 19-20).,A,NEEDS_FACTORY_CONFIRMATION,,,,,evidence_only,,Official company catalog review,2026-08-21,Confirm marking and actual bore.
501d-contact-tip-cucrzr-1-6mm-presence,mig-series-501d,variant,contact-tip,Contact Tip,2,contact-tip-cucrzr-1-6mm,CuCrZr Contact Tip 1.6 mm,component_presence,Catalog Component,CuCrZr Contact Tip 1.6 mm,,Renqiu Ailesen welding catalog PDF page 13 (catalog pages 19-20).,A,NEEDS_FACTORY_CONFIRMATION,,,,,evidence_only,,Official company catalog review,2026-08-21,Candidate only; exact material grade and bore require confirmation.
501d-contact-tip-cucrzr-1-6mm-material,mig-series-501d,variant,contact-tip,Contact Tip,2,contact-tip-cucrzr-1-6mm,CuCrZr Contact Tip 1.6 mm,material,Catalog Material,CuCrZr,,Renqiu Ailesen welding catalog PDF page 13 (catalog pages 19-20).,A,NEEDS_FACTORY_CONFIRMATION,,,,,evidence_only,,Official company catalog review,2026-08-21,Catalog designation requires supplied-item confirmation.
501d-contact-tip-cucrzr-1-6mm-wire,mig-series-501d,variant,contact-tip,Contact Tip,2,contact-tip-cucrzr-1-6mm,CuCrZr Contact Tip 1.6 mm,wire_size,Wire Size,1.6,mm,Renqiu Ailesen welding catalog PDF page 13 (catalog pages 19-20).,A,NEEDS_FACTORY_CONFIRMATION,,,,,evidence_only,,Official company catalog review,2026-08-21,Confirm marking and actual bore.
501d-contact-tip-cucrzr-2-4mm-presence,mig-series-501d,variant,contact-tip,Contact Tip,2,contact-tip-cucrzr-2-4mm,CuCrZr Contact Tip 2.4 mm,component_presence,Catalog Component,CuCrZr Contact Tip 2.4 mm,,Renqiu Ailesen welding catalog PDF page 13 (catalog pages 19-20).,A,NEEDS_FACTORY_CONFIRMATION,,,,,evidence_only,,Official company catalog review,2026-08-21,Candidate only; exact material grade and bore require confirmation.
501d-contact-tip-cucrzr-2-4mm-material,mig-series-501d,variant,contact-tip,Contact Tip,2,contact-tip-cucrzr-2-4mm,CuCrZr Contact Tip 2.4 mm,material,Catalog Material,CuCrZr,,Renqiu Ailesen welding catalog PDF page 13 (catalog pages 19-20).,A,NEEDS_FACTORY_CONFIRMATION,,,,,evidence_only,,Official company catalog review,2026-08-21,Catalog designation requires supplied-item confirmation.
501d-contact-tip-cucrzr-2-4mm-wire,mig-series-501d,variant,contact-tip,Contact Tip,2,contact-tip-cucrzr-2-4mm,CuCrZr Contact Tip 2.4 mm,wire_size,Wire Size,2.4,mm,Renqiu Ailesen welding catalog PDF page 13 (catalog pages 19-20).,A,NEEDS_FACTORY_CONFIRMATION,,,,,evidence_only,,Official company catalog review,2026-08-21,Confirm marking and actual bore.
501d-contact-tip-family-thread,mig-series-501d,family,contact-tip,Contact Tip,2,contact-tip-family,501D Contact Tip Family,thread,Catalog Thread,M8,,Renqiu Ailesen welding catalog PDF page 13 (catalog pages 19-20).,A,NEEDS_FACTORY_CONFIRMATION,,,,,evidence_only,,Official company catalog review,2026-08-21,Family diagram reference; confirm each supplied variant.
501d-contact-tip-family-length,mig-series-501d,family,contact-tip,Contact Tip,2,contact-tip-family,501D Contact Tip Family,overall_length,Catalog Length,30,mm,Renqiu Ailesen welding catalog PDF page 13 (catalog pages 19-20).,A,NEEDS_FACTORY_CONFIRMATION,,,,,evidence_only,,Official company catalog review,2026-08-21,Family diagram reference; confirm each supplied variant.
501d-contact-tip-family-body-diameter,mig-series-501d,family,contact-tip,Contact Tip,2,contact-tip-family,501D Contact Tip Family,outside_diameter,Catalog Body Diameter,10,mm,Renqiu Ailesen welding catalog PDF page 13 (catalog pages 19-20).,A,NEEDS_FACTORY_CONFIRMATION,,,,,evidence_only,,Official company catalog review,2026-08-21,Family diagram reference; confirm each supplied variant.
501d-gas-diffuser-dmc-presence,mig-series-501d,variant,gas-diffuser,Gas Diffuser,3,gas-diffuser-dmc,Gas Diffuser DMC,component_presence,Catalog Component,Gas Diffuser DMC,,Renqiu Ailesen welding catalog PDF page 13 (catalog pages 19-20).,A,NEEDS_FACTORY_CONFIRMATION,,,,,evidence_only,,Official company catalog review,2026-08-21,Separate construction candidate.
501d-gas-diffuser-dmc-variant,mig-series-501d,variant,gas-diffuser,Gas Diffuser,3,gas-diffuser-dmc,Gas Diffuser DMC,variant,Catalog Variant,DMC,,Renqiu Ailesen welding catalog PDF page 13 (catalog pages 19-20).,A,NEEDS_FACTORY_CONFIRMATION,,,,,evidence_only,,Official company catalog review,2026-08-21,Confirm actual supplied construction.
501d-gas-diffuser-ceramic-presence,mig-series-501d,variant,gas-diffuser,Gas Diffuser,3,gas-diffuser-ceramic,Gas Diffuser Ceramic,component_presence,Catalog Component,Gas Diffuser Ceramic,,Renqiu Ailesen welding catalog PDF page 13 (catalog pages 19-20).,A,NEEDS_FACTORY_CONFIRMATION,,,,,evidence_only,,Official company catalog review,2026-08-21,Separate construction candidate.
501d-gas-diffuser-ceramic-variant,mig-series-501d,variant,gas-diffuser,Gas Diffuser,3,gas-diffuser-ceramic,Gas Diffuser Ceramic,variant,Catalog Variant,Ceramic,,Renqiu Ailesen welding catalog PDF page 13 (catalog pages 19-20).,A,NEEDS_FACTORY_CONFIRMATION,,,,,evidence_only,,Official company catalog review,2026-08-21,Confirm actual supplied construction.
501d-gas-diffuser-family-length,mig-series-501d,family,gas-diffuser,Gas Diffuser,3,gas-diffuser-family,501D Gas Diffuser Family,overall_length,Catalog Diagram Length,28,mm,Renqiu Ailesen welding catalog PDF page 13 (catalog pages 19-20).,A,NEEDS_FACTORY_CONFIRMATION,,,,,evidence_only,,Official company catalog review,2026-08-21,Shared diagram reference only.
501d-gas-diffuser-family-thread,mig-series-501d,family,gas-diffuser,Gas Diffuser,3,gas-diffuser-family,501D Gas Diffuser Family,thread,Catalog Thread,M16 x 1,,Renqiu Ailesen welding catalog PDF page 13 (catalog pages 19-20).,A,NEEDS_FACTORY_CONFIRMATION,,,,,evidence_only,,Official company catalog review,2026-08-21,Shared diagram reference only; confirm both variants.
501d-tip-holder-25mm-presence,mig-series-501d,variant,tip-holder,Contact Tip Holder,4,tip-holder-25mm,Contact Tip Holder M8 x 25 mm,component_presence,Catalog Component,Contact Tip Holder M8 x 25 mm,,Renqiu Ailesen welding catalog PDF page 13 (catalog pages 19-20).,A,NEEDS_FACTORY_CONFIRMATION,,,,,evidence_only,,Official company catalog review,2026-08-21,Separate holder-length candidate.
501d-tip-holder-25mm-length,mig-series-501d,variant,tip-holder,Contact Tip Holder,4,tip-holder-25mm,Contact Tip Holder M8 x 25 mm,overall_length,Catalog Length,25,mm,Renqiu Ailesen welding catalog PDF page 13 (catalog pages 19-20).,A,NEEDS_FACTORY_CONFIRMATION,,,,,evidence_only,,Official company catalog review,2026-08-21,Confirm exact supplied length.
501d-tip-holder-29mm-presence,mig-series-501d,variant,tip-holder,Contact Tip Holder,4,tip-holder-29mm,Contact Tip Holder M8 x 29 mm,component_presence,Catalog Component,Contact Tip Holder M8 x 29 mm,,Renqiu Ailesen welding catalog PDF page 13 (catalog pages 19-20).,A,NEEDS_FACTORY_CONFIRMATION,,,,,evidence_only,,Official company catalog review,2026-08-21,Separate holder-length candidate.
501d-tip-holder-29mm-length,mig-series-501d,variant,tip-holder,Contact Tip Holder,4,tip-holder-29mm,Contact Tip Holder M8 x 29 mm,overall_length,Catalog Length,29,mm,Renqiu Ailesen welding catalog PDF page 13 (catalog pages 19-20).,A,NEEDS_FACTORY_CONFIRMATION,,,,,evidence_only,,Official company catalog review,2026-08-21,Confirm exact supplied length.
501d-tip-holder-family-thread,mig-series-501d,family,tip-holder,Contact Tip Holder,4,tip-holder-family,501D Contact Tip Holder Family,thread,Catalog Threads,M8 / M10 x 1,,Renqiu Ailesen welding catalog PDF page 13 (catalog pages 19-20).,A,NEEDS_FACTORY_CONFIRMATION,,,,,evidence_only,,Official company catalog review,2026-08-21,Diagram reference; confirm both interfaces on each length.
501d-insulator-presence,mig-series-501d,variant,insulator,Insulator,5,insulator,Insulator,component_presence,Catalog Component,Insulator,,Renqiu Ailesen welding catalog PDF page 13 (catalog pages 19-20).,A,NEEDS_FACTORY_CONFIRMATION,,,,,evidence_only,,Official company catalog review,2026-08-21,Catalog-presence candidate only; exact identity requires confirmation.
501d-swan-neck-presence,mig-series-501d,variant,swan-neck,Swan Neck,6,swan-neck,Swan Neck,component_presence,Catalog Component,Swan Neck,,Renqiu Ailesen welding catalog PDF page 13 (catalog pages 19-20).,A,NEEDS_FACTORY_CONFIRMATION,,,,,evidence_only,,Official company catalog review,2026-08-21,Catalog-presence candidate only; exact identity requires confirmation.
501d-cable-support-spring-presence,mig-series-501d,variant,cable-support-spring,Cable Support Spring,7,cable-support-spring,Cable Support Spring,component_presence,Catalog Component,Cable Support Spring,,Renqiu Ailesen welding catalog PDF page 13 (catalog pages 19-20).,A,NEEDS_FACTORY_CONFIRMATION,,,,,evidence_only,,Official company catalog review,2026-08-21,Catalog-presence candidate only; exact identity requires confirmation.
501d-rear-handle-presence,mig-series-501d,variant,rear-handle,Rear Handle,8,rear-handle,Rear Handle,component_presence,Catalog Component,Rear Handle,,Renqiu Ailesen welding catalog PDF page 13 (catalog pages 19-20).,A,NEEDS_FACTORY_CONFIRMATION,,,,,evidence_only,,Official company catalog review,2026-08-21,Catalog-presence candidate only; exact identity requires confirmation.
501d-adaptor-nut-presence,mig-series-501d,variant,adaptor-nut,Adaptor Nut,9,adaptor-nut,Adaptor Nut,component_presence,Catalog Component,Adaptor Nut,,Renqiu Ailesen welding catalog PDF page 13 (catalog pages 19-20).,A,NEEDS_FACTORY_CONFIRMATION,,,,,evidence_only,,Official company catalog review,2026-08-21,Catalog-presence candidate only; exact identity requires confirmation.
501d-swan-neck-media-interfaces,mig-series-501d,variant,swan-neck,Swan Neck,6,swan-neck,Swan Neck,connection,Visible Neck Media Interfaces,Multiple media interfaces visible,,Renqiu Ailesen welding catalog PDF page 13 (catalog pages 19-20).,A,NEEDS_FACTORY_CONFIRMATION,,,,,evidence_only,,Official company catalog review,2026-08-21,"Do not assign coolant, gas or power functions until a drawing or factory record identifies each interface."
501d-euro-connector-presence,mig-series-501d,variant,euro-connector,Euro Connector,10,euro-connector,Euro Connector,component_presence,Catalog Component,Euro Connector,,Renqiu Ailesen welding catalog PDF page 13 (catalog pages 19-20).,A,NEEDS_FACTORY_CONFIRMATION,,,,,evidence_only,,Official company catalog review,2026-08-21,"Pin, coolant, gas and power interfaces require confirmation."
501d-euro-connector-type,mig-series-501d,variant,euro-connector,Euro Connector,10,euro-connector,Euro Connector,connection,Catalog Connection Type,Euro Connector,,Renqiu Ailesen welding catalog PDF page 13 (catalog pages 19-20).,A,NEEDS_FACTORY_CONFIRMATION,,,,,evidence_only,,Official company catalog review,2026-08-21,Generic label only; exact media and pin arrangement requires confirmation.
501d-connector-nut-presence,mig-series-501d,variant,connector-nut,Connector Nut,11,nut-m10x1,Nut M10 x 1,component_presence,Catalog Component,Nut M10 x 1,,Renqiu Ailesen welding catalog PDF page 13 (catalog pages 19-20).,A,NEEDS_FACTORY_CONFIRMATION,,,,,evidence_only,,Official company catalog review,2026-08-21,Confirm thread direction and dimensions.
501d-connector-nut-thread,mig-series-501d,variant,connector-nut,Connector Nut,11,nut-m10x1,Nut M10 x 1,thread,Catalog Thread,M10 x 1,,Renqiu Ailesen welding catalog PDF page 13 (catalog pages 19-20).,A,NEEDS_FACTORY_CONFIRMATION,,,,,evidence_only,,Official company catalog review,2026-08-21,Confirm thread direction and mating connection.
501d-liner-3-5m-presence,mig-series-501d,variant,torch-liner,Torch Liner,12,liner-3-5m,Torch Liner 3.5 m,component_presence,Catalog Component,Torch Liner for 1.0-1.2 mm wire / 3.5 m,,Renqiu Ailesen welding catalog PDF page 13 (catalog pages 19-20).,A,NEEDS_FACTORY_CONFIRMATION,,,,,evidence_only,,Official company catalog review,2026-08-21,Candidate only; ends and construction require confirmation.
501d-liner-3-5m-wire,mig-series-501d,variant,torch-liner,Torch Liner,12,liner-3-5m,Torch Liner 3.5 m,wire_size,Catalog Wire Size,1.0-1.2,mm,Renqiu Ailesen welding catalog PDF page 13 (catalog pages 19-20).,A,NEEDS_FACTORY_CONFIRMATION,,,,,evidence_only,,Official company catalog review,2026-08-21,Confirm actual supported wire range.
501d-liner-3-5m-length,mig-series-501d,variant,torch-liner,Torch Liner,12,liner-3-5m,Torch Liner 3.5 m,cable_length,Catalog Liner Length,3.5,m,Renqiu Ailesen welding catalog PDF page 13 (catalog pages 19-20).,A,NEEDS_FACTORY_CONFIRMATION,,,,,evidence_only,,Official company catalog review,2026-08-21,Confirm actual supplied liner length.
501d-liner-5-5m-presence,mig-series-501d,variant,torch-liner,Torch Liner,12,liner-5-5m,Torch Liner 5.5 m,component_presence,Catalog Component,Torch Liner for 1.0-1.2 mm wire / 5.5 m,,Renqiu Ailesen welding catalog PDF page 13 (catalog pages 19-20).,A,NEEDS_FACTORY_CONFIRMATION,,,,,evidence_only,,Official company catalog review,2026-08-21,Candidate only; ends and construction require confirmation.
501d-liner-5-5m-wire,mig-series-501d,variant,torch-liner,Torch Liner,12,liner-5-5m,Torch Liner 5.5 m,wire_size,Catalog Wire Size,1.0-1.2,mm,Renqiu Ailesen welding catalog PDF page 13 (catalog pages 19-20).,A,NEEDS_FACTORY_CONFIRMATION,,,,,evidence_only,,Official company catalog review,2026-08-21,Confirm actual supported wire range.
501d-liner-5-5m-length,mig-series-501d,variant,torch-liner,Torch Liner,12,liner-5-5m,Torch Liner 5.5 m,cable_length,Catalog Liner Length,5.5,m,Renqiu Ailesen welding catalog PDF page 13 (catalog pages 19-20).,A,NEEDS_FACTORY_CONFIRMATION,,,,,evidence_only,,Official company catalog review,2026-08-21,Confirm actual supplied liner length.
501d-rear-media-set-presence,mig-series-501d,variant,rear-media-connection-set,Rear Media Connection Set,assembly,rear-media-connection-set,Rear Media Connection Set,component_presence,Catalog Assembly Detail,Multiple rear media leads visible,,Renqiu Ailesen welding catalog PDF page 13 (catalog pages 19-20).,A,NEEDS_FACTORY_CONFIRMATION,,,,,evidence_only,,Official company catalog review,2026-08-21,Visual presence only; connector functions are not identified.
501d-rear-media-set-connection,mig-series-501d,variant,rear-media-connection-set,Rear Media Connection Set,assembly,rear-media-connection-set,Rear Media Connection Set,connection,Visible Rear Media Connections,Multiple hose and conductor interfaces visible,,Renqiu Ailesen welding catalog PDF page 13 (catalog pages 19-20).,A,NEEDS_FACTORY_CONFIRMATION,,,,,evidence_only,,Official company catalog review,2026-08-21,"Confirm coolant supply, coolant return, gas, power and control assignments from a drawing or factory record."
15ak-series-designation,mig-series-15ak,series,15ak-series,15AK Catalog Reference Group,,15ak-series,15AK catalog reference group,series_designation,Series Designation,ORK 15AK,,"Renqiu Ailesen welding catalog PDF page 7 (catalog pages 7-8), ORK 15AK air-valve torch section. Renqiu Ailesen welding catalog PDF page 8 (catalog pages 9-10), ORK 15AK complete torch section.",A,NEEDS_FACTORY_CONFIRMATION,,,,,evidence_only,,Official company catalog review,2026-08-25,Catalog designation only; it does not create a confirmed ArcFort Weld product series or universal fit claim.
15ak-series-compatibility-wording,mig-series-15ak,series,15ak-series,15AK Catalog Reference Group,,15ak-series,15AK catalog reference group,compatibility_statement,Catalog Compatibility Wording,Compatible torch and Parts For BINZEL,,"Renqiu Ailesen welding catalog PDF page 7 (catalog pages 7-8), ORK 15AK air-valve torch section. Renqiu Ailesen welding catalog PDF page 8 (catalog pages 9-10), ORK 15AK complete torch section.",A,NEEDS_FACTORY_CONFIRMATION,,,,,evidence_only,,Official company catalog review,2026-08-25,Retained as catalog wording only. It does not confirm compatibility for any ArcFort Weld SKU.
15ak-air-valve-assembly-cooling,mig-series-15ak,family,air-valve-assembly,15AK Air-Valve Torch Catalog Assembly,,air-valve-assembly,15AK Air-Valve Torch Catalog Assembly,cooling_method,Catalog Cooling Method,Air cooled,,"Renqiu Ailesen welding catalog PDF page 7 (catalog pages 7-8), ORK 15AK air-valve torch section.",A,NEEDS_FACTORY_CONFIRMATION,,,,,evidence_only,,Official company catalog review,2026-08-25,Catalog assembly reference only; confirm the exact supplied torch construction.
15ak-air-valve-assembly-rating,mig-series-15ak,family,air-valve-assembly,15AK Air-Valve Torch Catalog Assembly,,air-valve-assembly,15AK Air-Valve Torch Catalog Assembly,rating,Catalog Rating,100 A CO2 / 100 A mixed gases,,"Renqiu Ailesen welding catalog PDF page 7 (catalog pages 7-8), ORK 15AK air-valve torch section.",A,NEEDS_FACTORY_CONFIRMATION,,,,,evidence_only,,Official company catalog review,2026-08-25,Do not publish as an ArcFort Weld rating without exact-product Level A confirmation and test conditions.
15ak-air-valve-assembly-duty-cycle,mig-series-15ak,family,air-valve-assembly,15AK Air-Valve Torch Catalog Assembly,,air-valve-assembly,15AK Air-Valve Torch Catalog Assembly,duty_cycle,Catalog Duty Cycle,35,%,"Renqiu Ailesen welding catalog PDF page 7 (catalog pages 7-8), ORK 15AK air-valve torch section.",A,NEEDS_FACTORY_CONFIRMATION,,,,,evidence_only,,Official company catalog review,2026-08-25,Catalog reference only; confirm the exact supplied torch and applicable test conditions.
15ak-air-valve-assembly-wire-size,mig-series-15ak,family,air-valve-assembly,15AK Air-Valve Torch Catalog Assembly,,air-valve-assembly,15AK Air-Valve Torch Catalog Assembly,wire_size,Catalog Wire Size Range,0.6-1.0,mm,"Renqiu Ailesen welding catalog PDF page 7 (catalog pages 7-8), ORK 15AK air-valve torch section.",A,NEEDS_FACTORY_CONFIRMATION,,,,,evidence_only,,Official company catalog review,2026-08-25,"Catalog assembly range only; confirm the selected liner, contact tip and welding wire together."
15ak-standard-assembly-cooling,mig-series-15ak,family,standard-assembly,15AK Complete Torch Catalog Assembly,,standard-assembly,15AK Complete Torch Catalog Assembly,cooling_method,Catalog Cooling Method,Air cooled,,"Renqiu Ailesen welding catalog PDF page 8 (catalog pages 9-10), ORK 15AK complete torch section.",A,NEEDS_FACTORY_CONFIRMATION,,,,,evidence_only,,Official company catalog review,2026-08-25,Catalog assembly reference only; confirm the exact supplied torch construction.
15ak-standard-assembly-rating,mig-series-15ak,family,standard-assembly,15AK Complete Torch Catalog Assembly,,standard-assembly,15AK Complete Torch Catalog Assembly,rating,Catalog Rating,180 A CO2 / 150 A mixed gases,,"Renqiu Ailesen welding catalog PDF page 8 (catalog pages 9-10), ORK 15AK complete torch section.",A,NEEDS_FACTORY_CONFIRMATION,,,,,evidence_only,,Official company catalog review,2026-08-25,Do not publish as an ArcFort Weld rating without exact-product Level A confirmation and test conditions.
15ak-standard-assembly-duty-cycle,mig-series-15ak,family,standard-assembly,15AK Complete Torch Catalog Assembly,,standard-assembly,15AK Complete Torch Catalog Assembly,duty_cycle,Catalog Duty Cycle,60,%,"Renqiu Ailesen welding catalog PDF page 8 (catalog pages 9-10), ORK 15AK complete torch section.",A,NEEDS_FACTORY_CONFIRMATION,,,,,evidence_only,,Official company catalog review,2026-08-25,Catalog reference only; confirm the exact supplied torch and applicable test conditions.
15ak-standard-assembly-wire-size,mig-series-15ak,family,standard-assembly,15AK Complete Torch Catalog Assembly,,standard-assembly,15AK Complete Torch Catalog Assembly,wire_size,Catalog Wire Size Range,0.6-1.0,mm,"Renqiu Ailesen welding catalog PDF page 8 (catalog pages 9-10), ORK 15AK complete torch section.",A,NEEDS_FACTORY_CONFIRMATION,,,,,evidence_only,,Official company catalog review,2026-08-25,"Catalog assembly range only; confirm the selected liner, contact tip and welding wire together."
15ak-av-torch-2-5m-presence,mig-series-15ak,variant,av-complete-torch,ORK 15AK Air Valve Torch,assembly,av-torch-2-5m,ORK 15AK Air Valve Torch 2.5 m,component_presence,Catalog Component,ORK 15AK Air Valve Torch 2.5 m,,"Renqiu Ailesen welding catalog PDF page 7 (catalog pages 7-8), ORK 15AK air-valve torch section.",A,NEEDS_FACTORY_CONFIRMATION,,,,,evidence_only,,Official company catalog review,2026-08-25,ORK 15AK Air Valve Torch catalog candidate only; no ArcFort Weld SKU or confirmed compatibility is assigned.
15ak-av-torch-2-5m-cable-length,mig-series-15ak,variant,av-complete-torch,ORK 15AK Air Valve Torch,assembly,av-torch-2-5m,ORK 15AK Air Valve Torch 2.5 m,cable_length,Catalog Cable Length,2.5,m,"Renqiu Ailesen welding catalog PDF page 7 (catalog pages 7-8), ORK 15AK air-valve torch section.",A,NEEDS_FACTORY_CONFIRMATION,,,,,evidence_only,,Official company catalog review,2026-08-25,Confirm the complete supplied cable assembly length.
15ak-av-torch-3m-presence,mig-series-15ak,variant,av-complete-torch,ORK 15AK Air Valve Torch,assembly,av-torch-3m,ORK 15AK Air Valve Torch 3 m,component_presence,Catalog Component,ORK 15AK Air Valve Torch 3 m,,"Renqiu Ailesen welding catalog PDF page 7 (catalog pages 7-8), ORK 15AK air-valve torch section.",A,NEEDS_FACTORY_CONFIRMATION,,,,,evidence_only,,Official company catalog review,2026-08-25,ORK 15AK Air Valve Torch catalog candidate only; no ArcFort Weld SKU or confirmed compatibility is assigned.
15ak-av-torch-3m-cable-length,mig-series-15ak,variant,av-complete-torch,ORK 15AK Air Valve Torch,assembly,av-torch-3m,ORK 15AK Air Valve Torch 3 m,cable_length,Catalog Cable Length,3,m,"Renqiu Ailesen welding catalog PDF page 7 (catalog pages 7-8), ORK 15AK air-valve torch section.",A,NEEDS_FACTORY_CONFIRMATION,,,,,evidence_only,,Official company catalog review,2026-08-25,Confirm the complete supplied cable assembly length.
15ak-av-nozzle-cylindrical-16mm-presence,mig-series-15ak,variant,av-gas-nozzle,Gas Nozzle,1,av-nozzle-cylindrical-16mm,Air-Valve Arrangement Cylindrical Nozzle 16 mm,component_presence,Catalog Component,Air-Valve Arrangement Cylindrical Nozzle 16 mm,,"Renqiu Ailesen welding catalog PDF page 7 (catalog pages 7-8), ORK 15AK air-valve torch section.",A,NEEDS_FACTORY_CONFIRMATION,,,,,evidence_only,,Official company catalog review,2026-08-25,Air-Valve Arrangement catalog candidate only; no ArcFort Weld SKU or confirmed compatibility is assigned.
15ak-av-nozzle-cylindrical-16mm-nozzle-profile,mig-series-15ak,variant,av-gas-nozzle,Gas Nozzle,1,av-nozzle-cylindrical-16mm,Air-Valve Arrangement Cylindrical Nozzle 16 mm,profile,Nozzle Profile,Cylindrical,,"Renqiu Ailesen welding catalog PDF page 7 (catalog pages 7-8), ORK 15AK air-valve torch section.",A,NEEDS_FACTORY_CONFIRMATION,,,,,evidence_only,,Official company catalog review,2026-08-25,Confirm the profile against the exact supplied nozzle.
15ak-av-nozzle-cylindrical-16mm-catalog-opening-diameter,mig-series-15ak,variant,av-gas-nozzle,Gas Nozzle,1,av-nozzle-cylindrical-16mm,Air-Valve Arrangement Cylindrical Nozzle 16 mm,opening,Catalog Opening Diameter,16,mm,"Renqiu Ailesen welding catalog PDF page 7 (catalog pages 7-8), ORK 15AK air-valve torch section.",A,NEEDS_FACTORY_CONFIRMATION,,,,,evidence_only,,Official company catalog review,2026-08-25,Confirm the opening on the same exact supplied nozzle.
15ak-av-nozzle-cylindrical-16mm-catalog-diagram-length,mig-series-15ak,variant,av-gas-nozzle,Gas Nozzle,1,av-nozzle-cylindrical-16mm,Air-Valve Arrangement Cylindrical Nozzle 16 mm,overall_length,Catalog Diagram Length,53,mm,"Renqiu Ailesen welding catalog PDF page 7 (catalog pages 7-8), ORK 15AK air-valve torch section.",A,NEEDS_FACTORY_CONFIRMATION,,,,,evidence_only,,Official company catalog review,2026-08-25,Shared catalog drawing reference; verify this value for the exact listed profile.
15ak-av-nozzle-cylindrical-16mm-catalog-diagram-outside-diameter,mig-series-15ak,variant,av-gas-nozzle,Gas Nozzle,1,av-nozzle-cylindrical-16mm,Air-Valve Arrangement Cylindrical Nozzle 16 mm,outside_diameter,Catalog Diagram Outside Diameter,18,mm,"Renqiu Ailesen welding catalog PDF page 7 (catalog pages 7-8), ORK 15AK air-valve torch section.",A,NEEDS_FACTORY_CONFIRMATION,,,,,evidence_only,,Official company catalog review,2026-08-25,Shared catalog drawing reference; verify this value for the exact listed profile.
15ak-av-nozzle-conical-12mm-presence,mig-series-15ak,variant,av-gas-nozzle,Gas Nozzle,1,av-nozzle-conical-12mm,Air-Valve Arrangement Conical Nozzle 12 mm,component_presence,Catalog Component,Air-Valve Arrangement Conical Nozzle 12 mm,,"Renqiu Ailesen welding catalog PDF page 7 (catalog pages 7-8), ORK 15AK air-valve torch section.",A,NEEDS_FACTORY_CONFIRMATION,,,,,evidence_only,,Official company catalog review,2026-08-25,Air-Valve Arrangement catalog candidate only; no ArcFort Weld SKU or confirmed compatibility is assigned.
15ak-av-nozzle-conical-12mm-nozzle-profile,mig-series-15ak,variant,av-gas-nozzle,Gas Nozzle,1,av-nozzle-conical-12mm,Air-Valve Arrangement Conical Nozzle 12 mm,profile,Nozzle Profile,Conical,,"Renqiu Ailesen welding catalog PDF page 7 (catalog pages 7-8), ORK 15AK air-valve torch section.",A,NEEDS_FACTORY_CONFIRMATION,,,,,evidence_only,,Official company catalog review,2026-08-25,Confirm the profile against the exact supplied nozzle.
15ak-av-nozzle-conical-12mm-catalog-opening-diameter,mig-series-15ak,variant,av-gas-nozzle,Gas Nozzle,1,av-nozzle-conical-12mm,Air-Valve Arrangement Conical Nozzle 12 mm,opening,Catalog Opening Diameter,12,mm,"Renqiu Ailesen welding catalog PDF page 7 (catalog pages 7-8), ORK 15AK air-valve torch section.",A,NEEDS_FACTORY_CONFIRMATION,,,,,evidence_only,,Official company catalog review,2026-08-25,Confirm the opening on the same exact supplied nozzle.
15ak-av-nozzle-conical-12mm-catalog-diagram-length,mig-series-15ak,variant,av-gas-nozzle,Gas Nozzle,1,av-nozzle-conical-12mm,Air-Valve Arrangement Conical Nozzle 12 mm,overall_length,Catalog Diagram Length,53,mm,"Renqiu Ailesen welding catalog PDF page 7 (catalog pages 7-8), ORK 15AK air-valve torch section.",A,NEEDS_FACTORY_CONFIRMATION,,,,,evidence_only,,Official company catalog review,2026-08-25,Shared catalog drawing reference; verify this value for the exact listed profile.
15ak-av-nozzle-conical-12mm-catalog-diagram-outside-diameter,mig-series-15ak,variant,av-gas-nozzle,Gas Nozzle,1,av-nozzle-conical-12mm,Air-Valve Arrangement Conical Nozzle 12 mm,outside_diameter,Catalog Diagram Outside Diameter,18,mm,"Renqiu Ailesen welding catalog PDF page 7 (catalog pages 7-8), ORK 15AK air-valve torch section.",A,NEEDS_FACTORY_CONFIRMATION,,,,,evidence_only,,Official company catalog review,2026-08-25,Shared catalog drawing reference; verify this value for the exact listed profile.
15ak-av-nozzle-tapered-9-5mm-presence,mig-series-15ak,variant,av-gas-nozzle,Gas Nozzle,1,av-nozzle-tapered-9-5mm,Air-Valve Arrangement Tapered Nozzle 9.5 mm,component_presence,Catalog Component,Air-Valve Arrangement Tapered Nozzle 9.5 mm,,"Renqiu Ailesen welding catalog PDF page 7 (catalog pages 7-8), ORK 15AK air-valve torch section.",A,NEEDS_FACTORY_CONFIRMATION,,,,,evidence_only,,Official company catalog review,2026-08-25,Air-Valve Arrangement catalog candidate only; no ArcFort Weld SKU or confirmed compatibility is assigned.
15ak-av-nozzle-tapered-9-5mm-nozzle-profile,mig-series-15ak,variant,av-gas-nozzle,Gas Nozzle,1,av-nozzle-tapered-9-5mm,Air-Valve Arrangement Tapered Nozzle 9.5 mm,profile,Nozzle Profile,Tapered,,"Renqiu Ailesen welding catalog PDF page 7 (catalog pages 7-8), ORK 15AK air-valve torch section.",A,NEEDS_FACTORY_CONFIRMATION,,,,,evidence_only,,Official company catalog review,2026-08-25,Confirm the profile against the exact supplied nozzle.
15ak-av-nozzle-tapered-9-5mm-catalog-opening-diameter,mig-series-15ak,variant,av-gas-nozzle,Gas Nozzle,1,av-nozzle-tapered-9-5mm,Air-Valve Arrangement Tapered Nozzle 9.5 mm,opening,Catalog Opening Diameter,9.5,mm,"Renqiu Ailesen welding catalog PDF page 7 (catalog pages 7-8), ORK 15AK air-valve torch section.",A,NEEDS_FACTORY_CONFIRMATION,,,,,evidence_only,,Official company catalog review,2026-08-25,Confirm the opening on the same exact supplied nozzle.
15ak-av-nozzle-tapered-9-5mm-catalog-diagram-length,mig-series-15ak,variant,av-gas-nozzle,Gas Nozzle,1,av-nozzle-tapered-9-5mm,Air-Valve Arrangement Tapered Nozzle 9.5 mm,overall_length,Catalog Diagram Length,53,mm,"Renqiu Ailesen welding catalog PDF page 7 (catalog pages 7-8), ORK 15AK air-valve torch section.",A,NEEDS_FACTORY_CONFIRMATION,,,,,evidence_only,,Official company catalog review,2026-08-25,Shared catalog drawing reference; verify this value for the exact listed profile.
15ak-av-nozzle-tapered-9-5mm-catalog-diagram-outside-diameter,mig-series-15ak,variant,av-gas-nozzle,Gas Nozzle,1,av-nozzle-tapered-9-5mm,Air-Valve Arrangement Tapered Nozzle 9.5 mm,outside_diameter,Catalog Diagram Outside Diameter,18,mm,"Renqiu Ailesen welding catalog PDF page 7 (catalog pages 7-8), ORK 15AK air-valve torch section.",A,NEEDS_FACTORY_CONFIRMATION,,,,,evidence_only,,Official company catalog review,2026-08-25,Shared catalog drawing reference; verify this value for the exact listed profile.
15ak-av-tip-ecu-0-6mm-presence,mig-series-15ak,variant,av-contact-tip,Contact Tip,2,av-tip-ecu-0-6mm,Air-Valve Arrangement E-Cu Contact Tip 0.6 mm,component_presence,Catalog Component,Air-Valve Arrangement E-Cu Contact Tip 0.6 mm,,"Renqiu Ailesen welding catalog PDF page 7 (catalog pages 7-8), ORK 15AK air-valve torch section.",A,NEEDS_FACTORY_CONFIRMATION,,,,,evidence_only,,Official company catalog review,2026-08-25,Air-Valve Arrangement catalog candidate only; no ArcFort Weld SKU or confirmed compatibility is assigned.
15ak-av-tip-ecu-0-6mm-catalog-material,mig-series-15ak,variant,av-contact-tip,Contact Tip,2,av-tip-ecu-0-6mm,Air-Valve Arrangement E-Cu Contact Tip 0.6 mm,material,Catalog Material,E-Cu,,"Renqiu Ailesen welding catalog PDF page 7 (catalog pages 7-8), ORK 15AK air-valve torch section.",A,NEEDS_FACTORY_CONFIRMATION,,,,,evidence_only,,Official company catalog review,2026-08-25,Confirm the supplied material grade for the exact candidate.
15ak-av-tip-ecu-0-6mm-catalog-wire-size,mig-series-15ak,variant,av-contact-tip,Contact Tip,2,av-tip-ecu-0-6mm,Air-Valve Arrangement E-Cu Contact Tip 0.6 mm,wire_size,Catalog Wire Size,0.6,mm,"Renqiu Ailesen welding catalog PDF page 7 (catalog pages 7-8), ORK 15AK air-valve torch section.",A,NEEDS_FACTORY_CONFIRMATION,,,,,evidence_only,,Official company catalog review,2026-08-25,Confirm the bore and genuine marking on the exact candidate.
15ak-av-tip-ecu-0-6mm-catalog-thread,mig-series-15ak,variant,av-contact-tip,Contact Tip,2,av-tip-ecu-0-6mm,Air-Valve Arrangement E-Cu Contact Tip 0.6 mm,thread,Catalog Thread,M6,,"Renqiu Ailesen welding catalog PDF page 7 (catalog pages 7-8), ORK 15AK air-valve torch section.",A,NEEDS_FACTORY_CONFIRMATION,,,,,evidence_only,,Official company catalog review,2026-08-25,Shared catalog drawing reference; confirm the mating holder on the exact candidate.
15ak-av-tip-ecu-0-6mm-catalog-overall-length,mig-series-15ak,variant,av-contact-tip,Contact Tip,2,av-tip-ecu-0-6mm,Air-Valve Arrangement E-Cu Contact Tip 0.6 mm,overall_length,Catalog Overall Length,25,mm,"Renqiu Ailesen welding catalog PDF page 7 (catalog pages 7-8), ORK 15AK air-valve torch section.",A,NEEDS_FACTORY_CONFIRMATION,,,,,evidence_only,,Official company catalog review,2026-08-25,Shared catalog drawing reference; measure the exact candidate before confirmation.
15ak-av-tip-ecu-0-8mm-presence,mig-series-15ak,variant,av-contact-tip,Contact Tip,2,av-tip-ecu-0-8mm,Air-Valve Arrangement E-Cu Contact Tip 0.8 mm,component_presence,Catalog Component,Air-Valve Arrangement E-Cu Contact Tip 0.8 mm,,"Renqiu Ailesen welding catalog PDF page 7 (catalog pages 7-8), ORK 15AK air-valve torch section.",A,NEEDS_FACTORY_CONFIRMATION,,,,,evidence_only,,Official company catalog review,2026-08-25,Air-Valve Arrangement catalog candidate only; no ArcFort Weld SKU or confirmed compatibility is assigned.
15ak-av-tip-ecu-0-8mm-catalog-material,mig-series-15ak,variant,av-contact-tip,Contact Tip,2,av-tip-ecu-0-8mm,Air-Valve Arrangement E-Cu Contact Tip 0.8 mm,material,Catalog Material,E-Cu,,"Renqiu Ailesen welding catalog PDF page 7 (catalog pages 7-8), ORK 15AK air-valve torch section.",A,NEEDS_FACTORY_CONFIRMATION,,,,,evidence_only,,Official company catalog review,2026-08-25,Confirm the supplied material grade for the exact candidate.
15ak-av-tip-ecu-0-8mm-catalog-wire-size,mig-series-15ak,variant,av-contact-tip,Contact Tip,2,av-tip-ecu-0-8mm,Air-Valve Arrangement E-Cu Contact Tip 0.8 mm,wire_size,Catalog Wire Size,0.8,mm,"Renqiu Ailesen welding catalog PDF page 7 (catalog pages 7-8), ORK 15AK air-valve torch section.",A,NEEDS_FACTORY_CONFIRMATION,,,,,evidence_only,,Official company catalog review,2026-08-25,Confirm the bore and genuine marking on the exact candidate.
15ak-av-tip-ecu-0-8mm-catalog-thread,mig-series-15ak,variant,av-contact-tip,Contact Tip,2,av-tip-ecu-0-8mm,Air-Valve Arrangement E-Cu Contact Tip 0.8 mm,thread,Catalog Thread,M6,,"Renqiu Ailesen welding catalog PDF page 7 (catalog pages 7-8), ORK 15AK air-valve torch section.",A,NEEDS_FACTORY_CONFIRMATION,,,,,evidence_only,,Official company catalog review,2026-08-25,Shared catalog drawing reference; confirm the mating holder on the exact candidate.
15ak-av-tip-ecu-0-8mm-catalog-overall-length,mig-series-15ak,variant,av-contact-tip,Contact Tip,2,av-tip-ecu-0-8mm,Air-Valve Arrangement E-Cu Contact Tip 0.8 mm,overall_length,Catalog Overall Length,25,mm,"Renqiu Ailesen welding catalog PDF page 7 (catalog pages 7-8), ORK 15AK air-valve torch section.",A,NEEDS_FACTORY_CONFIRMATION,,,,,evidence_only,,Official company catalog review,2026-08-25,Shared catalog drawing reference; measure the exact candidate before confirmation.
15ak-av-tip-ecu-0-9mm-presence,mig-series-15ak,variant,av-contact-tip,Contact Tip,2,av-tip-ecu-0-9mm,Air-Valve Arrangement E-Cu Contact Tip 0.9 mm,component_presence,Catalog Component,Air-Valve Arrangement E-Cu Contact Tip 0.9 mm,,"Renqiu Ailesen welding catalog PDF page 7 (catalog pages 7-8), ORK 15AK air-valve torch section.",A,NEEDS_FACTORY_CONFIRMATION,,,,,evidence_only,,Official company catalog review,2026-08-25,Air-Valve Arrangement catalog candidate only; no ArcFort Weld SKU or confirmed compatibility is assigned.
15ak-av-tip-ecu-0-9mm-catalog-material,mig-series-15ak,variant,av-contact-tip,Contact Tip,2,av-tip-ecu-0-9mm,Air-Valve Arrangement E-Cu Contact Tip 0.9 mm,material,Catalog Material,E-Cu,,"Renqiu Ailesen welding catalog PDF page 7 (catalog pages 7-8), ORK 15AK air-valve torch section.",A,NEEDS_FACTORY_CONFIRMATION,,,,,evidence_only,,Official company catalog review,2026-08-25,Confirm the supplied material grade for the exact candidate.
15ak-av-tip-ecu-0-9mm-catalog-wire-size,mig-series-15ak,variant,av-contact-tip,Contact Tip,2,av-tip-ecu-0-9mm,Air-Valve Arrangement E-Cu Contact Tip 0.9 mm,wire_size,Catalog Wire Size,0.9,mm,"Renqiu Ailesen welding catalog PDF page 7 (catalog pages 7-8), ORK 15AK air-valve torch section.",A,NEEDS_FACTORY_CONFIRMATION,,,,,evidence_only,,Official company catalog review,2026-08-25,Confirm the bore and genuine marking on the exact candidate.
15ak-av-tip-ecu-0-9mm-catalog-thread,mig-series-15ak,variant,av-contact-tip,Contact Tip,2,av-tip-ecu-0-9mm,Air-Valve Arrangement E-Cu Contact Tip 0.9 mm,thread,Catalog Thread,M6,,"Renqiu Ailesen welding catalog PDF page 7 (catalog pages 7-8), ORK 15AK air-valve torch section.",A,NEEDS_FACTORY_CONFIRMATION,,,,,evidence_only,,Official company catalog review,2026-08-25,Shared catalog drawing reference; confirm the mating holder on the exact candidate.
15ak-av-tip-ecu-0-9mm-catalog-overall-length,mig-series-15ak,variant,av-contact-tip,Contact Tip,2,av-tip-ecu-0-9mm,Air-Valve Arrangement E-Cu Contact Tip 0.9 mm,overall_length,Catalog Overall Length,25,mm,"Renqiu Ailesen welding catalog PDF page 7 (catalog pages 7-8), ORK 15AK air-valve torch section.",A,NEEDS_FACTORY_CONFIRMATION,,,,,evidence_only,,Official company catalog review,2026-08-25,Shared catalog drawing reference; measure the exact candidate before confirmation.
15ak-av-tip-ecu-1-0mm-presence,mig-series-15ak,variant,av-contact-tip,Contact Tip,2,av-tip-ecu-1-0mm,Air-Valve Arrangement E-Cu Contact Tip 1.0 mm,component_presence,Catalog Component,Air-Valve Arrangement E-Cu Contact Tip 1.0 mm,,"Renqiu Ailesen welding catalog PDF page 7 (catalog pages 7-8), ORK 15AK air-valve torch section.",A,NEEDS_FACTORY_CONFIRMATION,,,,,evidence_only,,Official company catalog review,2026-08-25,Air-Valve Arrangement catalog candidate only; no ArcFort Weld SKU or confirmed compatibility is assigned.
15ak-av-tip-ecu-1-0mm-catalog-material,mig-series-15ak,variant,av-contact-tip,Contact Tip,2,av-tip-ecu-1-0mm,Air-Valve Arrangement E-Cu Contact Tip 1.0 mm,material,Catalog Material,E-Cu,,"Renqiu Ailesen welding catalog PDF page 7 (catalog pages 7-8), ORK 15AK air-valve torch section.",A,NEEDS_FACTORY_CONFIRMATION,,,,,evidence_only,,Official company catalog review,2026-08-25,Confirm the supplied material grade for the exact candidate.
15ak-av-tip-ecu-1-0mm-catalog-wire-size,mig-series-15ak,variant,av-contact-tip,Contact Tip,2,av-tip-ecu-1-0mm,Air-Valve Arrangement E-Cu Contact Tip 1.0 mm,wire_size,Catalog Wire Size,1.0,mm,"Renqiu Ailesen welding catalog PDF page 7 (catalog pages 7-8), ORK 15AK air-valve torch section.",A,NEEDS_FACTORY_CONFIRMATION,,,,,evidence_only,,Official company catalog review,2026-08-25,Confirm the bore and genuine marking on the exact candidate.
15ak-av-tip-ecu-1-0mm-catalog-thread,mig-series-15ak,variant,av-contact-tip,Contact Tip,2,av-tip-ecu-1-0mm,Air-Valve Arrangement E-Cu Contact Tip 1.0 mm,thread,Catalog Thread,M6,,"Renqiu Ailesen welding catalog PDF page 7 (catalog pages 7-8), ORK 15AK air-valve torch section.",A,NEEDS_FACTORY_CONFIRMATION,,,,,evidence_only,,Official company catalog review,2026-08-25,Shared catalog drawing reference; confirm the mating holder on the exact candidate.
15ak-av-tip-ecu-1-0mm-catalog-overall-length,mig-series-15ak,variant,av-contact-tip,Contact Tip,2,av-tip-ecu-1-0mm,Air-Valve Arrangement E-Cu Contact Tip 1.0 mm,overall_length,Catalog Overall Length,25,mm,"Renqiu Ailesen welding catalog PDF page 7 (catalog pages 7-8), ORK 15AK air-valve torch section.",A,NEEDS_FACTORY_CONFIRMATION,,,,,evidence_only,,Official company catalog review,2026-08-25,Shared catalog drawing reference; measure the exact candidate before confirmation.
15ak-av-tip-cucrzr-0-6mm-presence,mig-series-15ak,variant,av-contact-tip,Contact Tip,2,av-tip-cucrzr-0-6mm,Air-Valve Arrangement CuCrZr Contact Tip 0.6 mm,component_presence,Catalog Component,Air-Valve Arrangement CuCrZr Contact Tip 0.6 mm,,"Renqiu Ailesen welding catalog PDF page 7 (catalog pages 7-8), ORK 15AK air-valve torch section.",A,NEEDS_FACTORY_CONFIRMATION,,,,,evidence_only,,Official company catalog review,2026-08-25,Air-Valve Arrangement catalog candidate only; no ArcFort Weld SKU or confirmed compatibility is assigned.
15ak-av-tip-cucrzr-0-6mm-catalog-material,mig-series-15ak,variant,av-contact-tip,Contact Tip,2,av-tip-cucrzr-0-6mm,Air-Valve Arrangement CuCrZr Contact Tip 0.6 mm,material,Catalog Material,CuCrZr,,"Renqiu Ailesen welding catalog PDF page 7 (catalog pages 7-8), ORK 15AK air-valve torch section.",A,NEEDS_FACTORY_CONFIRMATION,,,,,evidence_only,,Official company catalog review,2026-08-25,Confirm the supplied material grade for the exact candidate.
15ak-av-tip-cucrzr-0-6mm-catalog-wire-size,mig-series-15ak,variant,av-contact-tip,Contact Tip,2,av-tip-cucrzr-0-6mm,Air-Valve Arrangement CuCrZr Contact Tip 0.6 mm,wire_size,Catalog Wire Size,0.6,mm,"Renqiu Ailesen welding catalog PDF page 7 (catalog pages 7-8), ORK 15AK air-valve torch section.",A,NEEDS_FACTORY_CONFIRMATION,,,,,evidence_only,,Official company catalog review,2026-08-25,Confirm the bore and genuine marking on the exact candidate.
15ak-av-tip-cucrzr-0-6mm-catalog-thread,mig-series-15ak,variant,av-contact-tip,Contact Tip,2,av-tip-cucrzr-0-6mm,Air-Valve Arrangement CuCrZr Contact Tip 0.6 mm,thread,Catalog Thread,M6,,"Renqiu Ailesen welding catalog PDF page 7 (catalog pages 7-8), ORK 15AK air-valve torch section.",A,NEEDS_FACTORY_CONFIRMATION,,,,,evidence_only,,Official company catalog review,2026-08-25,Shared catalog drawing reference; confirm the mating holder on the exact candidate.
15ak-av-tip-cucrzr-0-6mm-catalog-overall-length,mig-series-15ak,variant,av-contact-tip,Contact Tip,2,av-tip-cucrzr-0-6mm,Air-Valve Arrangement CuCrZr Contact Tip 0.6 mm,overall_length,Catalog Overall Length,25,mm,"Renqiu Ailesen welding catalog PDF page 7 (catalog pages 7-8), ORK 15AK air-valve torch section.",A,NEEDS_FACTORY_CONFIRMATION,,,,,evidence_only,,Official company catalog review,2026-08-25,Shared catalog drawing reference; measure the exact candidate before confirmation.
15ak-av-tip-cucrzr-0-8mm-presence,mig-series-15ak,variant,av-contact-tip,Contact Tip,2,av-tip-cucrzr-0-8mm,Air-Valve Arrangement CuCrZr Contact Tip 0.8 mm,component_presence,Catalog Component,Air-Valve Arrangement CuCrZr Contact Tip 0.8 mm,,"Renqiu Ailesen welding catalog PDF page 7 (catalog pages 7-8), ORK 15AK air-valve torch section.",A,NEEDS_FACTORY_CONFIRMATION,,,,,evidence_only,,Official company catalog review,2026-08-25,Air-Valve Arrangement catalog candidate only; no ArcFort Weld SKU or confirmed compatibility is assigned.
15ak-av-tip-cucrzr-0-8mm-catalog-material,mig-series-15ak,variant,av-contact-tip,Contact Tip,2,av-tip-cucrzr-0-8mm,Air-Valve Arrangement CuCrZr Contact Tip 0.8 mm,material,Catalog Material,CuCrZr,,"Renqiu Ailesen welding catalog PDF page 7 (catalog pages 7-8), ORK 15AK air-valve torch section.",A,NEEDS_FACTORY_CONFIRMATION,,,,,evidence_only,,Official company catalog review,2026-08-25,Confirm the supplied material grade for the exact candidate.
15ak-av-tip-cucrzr-0-8mm-catalog-wire-size,mig-series-15ak,variant,av-contact-tip,Contact Tip,2,av-tip-cucrzr-0-8mm,Air-Valve Arrangement CuCrZr Contact Tip 0.8 mm,wire_size,Catalog Wire Size,0.8,mm,"Renqiu Ailesen welding catalog PDF page 7 (catalog pages 7-8), ORK 15AK air-valve torch section.",A,NEEDS_FACTORY_CONFIRMATION,,,,,evidence_only,,Official company catalog review,2026-08-25,Confirm the bore and genuine marking on the exact candidate.
15ak-av-tip-cucrzr-0-8mm-catalog-thread,mig-series-15ak,variant,av-contact-tip,Contact Tip,2,av-tip-cucrzr-0-8mm,Air-Valve Arrangement CuCrZr Contact Tip 0.8 mm,thread,Catalog Thread,M6,,"Renqiu Ailesen welding catalog PDF page 7 (catalog pages 7-8), ORK 15AK air-valve torch section.",A,NEEDS_FACTORY_CONFIRMATION,,,,,evidence_only,,Official company catalog review,2026-08-25,Shared catalog drawing reference; confirm the mating holder on the exact candidate.
15ak-av-tip-cucrzr-0-8mm-catalog-overall-length,mig-series-15ak,variant,av-contact-tip,Contact Tip,2,av-tip-cucrzr-0-8mm,Air-Valve Arrangement CuCrZr Contact Tip 0.8 mm,overall_length,Catalog Overall Length,25,mm,"Renqiu Ailesen welding catalog PDF page 7 (catalog pages 7-8), ORK 15AK air-valve torch section.",A,NEEDS_FACTORY_CONFIRMATION,,,,,evidence_only,,Official company catalog review,2026-08-25,Shared catalog drawing reference; measure the exact candidate before confirmation.
15ak-av-tip-cucrzr-1-0mm-presence,mig-series-15ak,variant,av-contact-tip,Contact Tip,2,av-tip-cucrzr-1-0mm,Air-Valve Arrangement CuCrZr Contact Tip 1.0 mm,component_presence,Catalog Component,Air-Valve Arrangement CuCrZr Contact Tip 1.0 mm,,"Renqiu Ailesen welding catalog PDF page 7 (catalog pages 7-8), ORK 15AK air-valve torch section.",A,NEEDS_FACTORY_CONFIRMATION,,,,,evidence_only,,Official company catalog review,2026-08-25,Air-Valve Arrangement catalog candidate only; no ArcFort Weld SKU or confirmed compatibility is assigned.
15ak-av-tip-cucrzr-1-0mm-catalog-material,mig-series-15ak,variant,av-contact-tip,Contact Tip,2,av-tip-cucrzr-1-0mm,Air-Valve Arrangement CuCrZr Contact Tip 1.0 mm,material,Catalog Material,CuCrZr,,"Renqiu Ailesen welding catalog PDF page 7 (catalog pages 7-8), ORK 15AK air-valve torch section.",A,NEEDS_FACTORY_CONFIRMATION,,,,,evidence_only,,Official company catalog review,2026-08-25,Confirm the supplied material grade for the exact candidate.
15ak-av-tip-cucrzr-1-0mm-catalog-wire-size,mig-series-15ak,variant,av-contact-tip,Contact Tip,2,av-tip-cucrzr-1-0mm,Air-Valve Arrangement CuCrZr Contact Tip 1.0 mm,wire_size,Catalog Wire Size,1.0,mm,"Renqiu Ailesen welding catalog PDF page 7 (catalog pages 7-8), ORK 15AK air-valve torch section.",A,NEEDS_FACTORY_CONFIRMATION,,,,,evidence_only,,Official company catalog review,2026-08-25,Confirm the bore and genuine marking on the exact candidate.
15ak-av-tip-cucrzr-1-0mm-catalog-thread,mig-series-15ak,variant,av-contact-tip,Contact Tip,2,av-tip-cucrzr-1-0mm,Air-Valve Arrangement CuCrZr Contact Tip 1.0 mm,thread,Catalog Thread,M6,,"Renqiu Ailesen welding catalog PDF page 7 (catalog pages 7-8), ORK 15AK air-valve torch section.",A,NEEDS_FACTORY_CONFIRMATION,,,,,evidence_only,,Official company catalog review,2026-08-25,Shared catalog drawing reference; confirm the mating holder on the exact candidate.
15ak-av-tip-cucrzr-1-0mm-catalog-overall-length,mig-series-15ak,variant,av-contact-tip,Contact Tip,2,av-tip-cucrzr-1-0mm,Air-Valve Arrangement CuCrZr Contact Tip 1.0 mm,overall_length,Catalog Overall Length,25,mm,"Renqiu Ailesen welding catalog PDF page 7 (catalog pages 7-8), ORK 15AK air-valve torch section.",A,NEEDS_FACTORY_CONFIRMATION,,,,,evidence_only,,Official company catalog review,2026-08-25,Shared catalog drawing reference; measure the exact candidate before confirmation.
15ak-av-tip-holder-presence,mig-series-15ak,variant,av-contact-tip-holder,Contact Tip Holder,3,av-tip-holder,Air-Valve Arrangement Contact Tip Holder,component_presence,Catalog Component,Air-Valve Arrangement Contact Tip Holder,,"Renqiu Ailesen welding catalog PDF page 7 (catalog pages 7-8), ORK 15AK air-valve torch section.",A,NEEDS_FACTORY_CONFIRMATION,,,,,evidence_only,,Official company catalog review,2026-08-25,Air-Valve Arrangement catalog candidate only; no ArcFort Weld SKU or confirmed compatibility is assigned.
15ak-av-tip-holder-catalog-overall-length,mig-series-15ak,variant,av-contact-tip-holder,Contact Tip Holder,3,av-tip-holder,Air-Valve Arrangement Contact Tip Holder,overall_length,Catalog Overall Length,34,mm,"Renqiu Ailesen welding catalog PDF page 7 (catalog pages 7-8), ORK 15AK air-valve torch section.",A,NEEDS_FACTORY_CONFIRMATION,,,,,evidence_only,,Official company catalog review,2026-08-25,Measure the exact holder candidate.
15ak-av-tip-holder-tip-side-thread,mig-series-15ak,variant,av-contact-tip-holder,Contact Tip Holder,3,av-tip-holder,Air-Valve Arrangement Contact Tip Holder,thread,Contact-Tip Side Thread,M6,,"Renqiu Ailesen welding catalog PDF page 7 (catalog pages 7-8), ORK 15AK air-valve torch section.",A,NEEDS_FACTORY_CONFIRMATION,,,,,evidence_only,,Official company catalog review,2026-08-25,Confirm thread and mating contact tip.
15ak-av-tip-holder-neck-side-thread,mig-series-15ak,variant,av-contact-tip-holder,Contact Tip Holder,3,av-tip-holder,Air-Valve Arrangement Contact Tip Holder,thread,Torch-Neck Side Thread,M8 x 1 LH,,"Renqiu Ailesen welding catalog PDF page 7 (catalog pages 7-8), ORK 15AK air-valve torch section.",A,NEEDS_FACTORY_CONFIRMATION,,,,,evidence_only,,Official company catalog review,2026-08-25,"Confirm pitch, handedness and mating swan neck."
15ak-av-insulator-presence,mig-series-15ak,variant,av-insulator,Insulator,4,av-insulator,Insulator,component_presence,Catalog Component,Insulator,,"Renqiu Ailesen welding catalog PDF page 7 (catalog pages 7-8), ORK 15AK air-valve torch section.",A,NEEDS_FACTORY_CONFIRMATION,,,,,evidence_only,,Official company catalog review,2026-08-25,Air-Valve Arrangement catalog candidate only; no ArcFort Weld SKU or confirmed compatibility is assigned.
15ak-av-swan-neck-presence,mig-series-15ak,variant,av-swan-neck,Swan Neck,5,av-swan-neck,Swan Neck,component_presence,Catalog Component,Swan Neck,,"Renqiu Ailesen welding catalog PDF page 7 (catalog pages 7-8), ORK 15AK air-valve torch section.",A,NEEDS_FACTORY_CONFIRMATION,,,,,evidence_only,,Official company catalog review,2026-08-25,Air-Valve Arrangement catalog candidate only; no ArcFort Weld SKU or confirmed compatibility is assigned.
15ak-av-hex-nut-m8-presence,mig-series-15ak,variant,av-hex-nut-m8,Hexagon Nut,6,av-hex-nut-m8,Hexagon Nut M8,component_presence,Catalog Component,Hexagon Nut M8,,"Renqiu Ailesen welding catalog PDF page 7 (catalog pages 7-8), ORK 15AK air-valve torch section.",A,NEEDS_FACTORY_CONFIRMATION,,,,,evidence_only,,Official company catalog review,2026-08-25,Air-Valve Arrangement catalog candidate only; no ArcFort Weld SKU or confirmed compatibility is assigned.
15ak-av-hex-nut-m8-catalog-thread-designation,mig-series-15ak,variant,av-hex-nut-m8,Hexagon Nut,6,av-hex-nut-m8,Hexagon Nut M8,thread,Catalog Thread Designation,M8,,"Renqiu Ailesen welding catalog PDF page 7 (catalog pages 7-8), ORK 15AK air-valve torch section.",A,NEEDS_FACTORY_CONFIRMATION,,,,,evidence_only,,Official company catalog review,2026-08-25,Catalog name reference; confirm pitch and handedness on the exact nut.
15ak-av-air-valve-presence,mig-series-15ak,variant,av-air-valve,Air Valve,7,av-air-valve,Air Valve,component_presence,Catalog Component,Air Valve,,"Renqiu Ailesen welding catalog PDF page 7 (catalog pages 7-8), ORK 15AK air-valve torch section.",A,NEEDS_FACTORY_CONFIRMATION,,,,,evidence_only,,Official company catalog review,2026-08-25,Air-Valve Arrangement catalog candidate only; no ArcFort Weld SKU or confirmed compatibility is assigned.
15ak-av-air-line-presence,mig-series-15ak,variant,av-air-line,Air Line,8,av-air-line,Air Line,component_presence,Catalog Component,Air Line,,"Renqiu Ailesen welding catalog PDF page 7 (catalog pages 7-8), ORK 15AK air-valve torch section.",A,NEEDS_FACTORY_CONFIRMATION,,,,,evidence_only,,Official company catalog review,2026-08-25,Air-Valve Arrangement catalog candidate only; no ArcFort Weld SKU or confirmed compatibility is assigned.
15ak-av-switch-line-presence,mig-series-15ak,variant,av-switch-line,Switch Line,9,av-switch-line,Switch Line,component_presence,Catalog Component,Switch Line,,"Renqiu Ailesen welding catalog PDF page 7 (catalog pages 7-8), ORK 15AK air-valve torch section.",A,NEEDS_FACTORY_CONFIRMATION,,,,,evidence_only,,Official company catalog review,2026-08-25,Air-Valve Arrangement catalog candidate only; no ArcFort Weld SKU or confirmed compatibility is assigned.
15ak-av-liner-2-5m-presence,mig-series-15ak,variant,av-torch-liner,Torch Liner,10,av-liner-2-5m,Air-Valve Arrangement Torch Liner 2.5 m,component_presence,Catalog Component,Air-Valve Arrangement Torch Liner 2.5 m,,"Renqiu Ailesen welding catalog PDF page 7 (catalog pages 7-8), ORK 15AK air-valve torch section.",A,NEEDS_FACTORY_CONFIRMATION,,,,,evidence_only,,Official company catalog review,2026-08-25,Air-Valve Arrangement catalog candidate only; no ArcFort Weld SKU or confirmed compatibility is assigned.
15ak-av-liner-2-5m-catalog-liner-length,mig-series-15ak,variant,av-torch-liner,Torch Liner,10,av-liner-2-5m,Air-Valve Arrangement Torch Liner 2.5 m,overall_length,Catalog Liner Length,2.5,m,"Renqiu Ailesen welding catalog PDF page 7 (catalog pages 7-8), ORK 15AK air-valve torch section.",A,NEEDS_FACTORY_CONFIRMATION,,,,,evidence_only,,Official company catalog review,2026-08-25,Confirm the full supplied liner length.
15ak-av-liner-2-5m-catalog-wire-range,mig-series-15ak,variant,av-torch-liner,Torch Liner,10,av-liner-2-5m,Air-Valve Arrangement Torch Liner 2.5 m,wire_size,Catalog Wire Range,0.6-1.0,mm,"Renqiu Ailesen welding catalog PDF page 7 (catalog pages 7-8), ORK 15AK air-valve torch section.",A,NEEDS_FACTORY_CONFIRMATION,,,,,evidence_only,,Official company catalog review,2026-08-25,Confirm against the selected wire and exact liner construction.
15ak-av-liner-3m-presence,mig-series-15ak,variant,av-torch-liner,Torch Liner,10,av-liner-3m,Air-Valve Arrangement Torch Liner 3 m,component_presence,Catalog Component,Air-Valve Arrangement Torch Liner 3 m,,"Renqiu Ailesen welding catalog PDF page 7 (catalog pages 7-8), ORK 15AK air-valve torch section.",A,NEEDS_FACTORY_CONFIRMATION,,,,,evidence_only,,Official company catalog review,2026-08-25,Air-Valve Arrangement catalog candidate only; no ArcFort Weld SKU or confirmed compatibility is assigned.
15ak-av-liner-3m-catalog-liner-length,mig-series-15ak,variant,av-torch-liner,Torch Liner,10,av-liner-3m,Air-Valve Arrangement Torch Liner 3 m,overall_length,Catalog Liner Length,3,m,"Renqiu Ailesen welding catalog PDF page 7 (catalog pages 7-8), ORK 15AK air-valve torch section.",A,NEEDS_FACTORY_CONFIRMATION,,,,,evidence_only,,Official company catalog review,2026-08-25,Confirm the full supplied liner length.
15ak-av-liner-3m-catalog-wire-range,mig-series-15ak,variant,av-torch-liner,Torch Liner,10,av-liner-3m,Air-Valve Arrangement Torch Liner 3 m,wire_size,Catalog Wire Range,0.6-1.0,mm,"Renqiu Ailesen welding catalog PDF page 7 (catalog pages 7-8), ORK 15AK air-valve torch section.",A,NEEDS_FACTORY_CONFIRMATION,,,,,evidence_only,,Official company catalog review,2026-08-25,Confirm against the selected wire and exact liner construction.
15ak-av-cable-2-5m-presence,mig-series-15ak,variant,av-cable-assembly,Cable Assembly,11,av-cable-2-5m,Air-Valve Arrangement Cable 2.5 m,component_presence,Catalog Component,Air-Valve Arrangement Cable 2.5 m,,"Renqiu Ailesen welding catalog PDF page 7 (catalog pages 7-8), ORK 15AK air-valve torch section.",A,NEEDS_FACTORY_CONFIRMATION,,,,,evidence_only,,Official company catalog review,2026-08-25,Air-Valve Arrangement catalog candidate only; no ArcFort Weld SKU or confirmed compatibility is assigned.
15ak-av-cable-2-5m-catalog-cable-length,mig-series-15ak,variant,av-cable-assembly,Cable Assembly,11,av-cable-2-5m,Air-Valve Arrangement Cable 2.5 m,cable_length,Catalog Cable Length,2.5,m,"Renqiu Ailesen welding catalog PDF page 7 (catalog pages 7-8), ORK 15AK air-valve torch section.",A,NEEDS_FACTORY_CONFIRMATION,,,,,evidence_only,,Official company catalog review,2026-08-25,Confirm the complete supplied cable assembly length.
15ak-av-cable-3m-presence,mig-series-15ak,variant,av-cable-assembly,Cable Assembly,11,av-cable-3m,Air-Valve Arrangement Cable 3 m,component_presence,Catalog Component,Air-Valve Arrangement Cable 3 m,,"Renqiu Ailesen welding catalog PDF page 7 (catalog pages 7-8), ORK 15AK air-valve torch section.",A,NEEDS_FACTORY_CONFIRMATION,,,,,evidence_only,,Official company catalog review,2026-08-25,Air-Valve Arrangement catalog candidate only; no ArcFort Weld SKU or confirmed compatibility is assigned.
15ak-av-cable-3m-catalog-cable-length,mig-series-15ak,variant,av-cable-assembly,Cable Assembly,11,av-cable-3m,Air-Valve Arrangement Cable 3 m,cable_length,Catalog Cable Length,3,m,"Renqiu Ailesen welding catalog PDF page 7 (catalog pages 7-8), ORK 15AK air-valve torch section.",A,NEEDS_FACTORY_CONFIRMATION,,,,,evidence_only,,Official company catalog review,2026-08-25,Confirm the complete supplied cable assembly length.
15ak-std-torch-2-5m-presence,mig-series-15ak,variant,std-complete-torch,ORK 15AK Complete Torch,assembly,std-torch-2-5m,ORK 15AK Complete Torch 2.5 m,component_presence,Catalog Component,ORK 15AK Complete Torch 2.5 m,,"Renqiu Ailesen welding catalog PDF page 8 (catalog pages 9-10), ORK 15AK complete torch section.",A,NEEDS_FACTORY_CONFIRMATION,,,,,evidence_only,,Official company catalog review,2026-08-25,ORK 15AK Complete Torch catalog candidate only; no ArcFort Weld SKU or confirmed compatibility is assigned.
15ak-std-torch-2-5m-cable-length,mig-series-15ak,variant,std-complete-torch,ORK 15AK Complete Torch,assembly,std-torch-2-5m,ORK 15AK Complete Torch 2.5 m,cable_length,Catalog Cable Length,2.5,m,"Renqiu Ailesen welding catalog PDF page 8 (catalog pages 9-10), ORK 15AK complete torch section.",A,NEEDS_FACTORY_CONFIRMATION,,,,,evidence_only,,Official company catalog review,2026-08-25,Confirm the complete supplied cable assembly length.
15ak-std-torch-3m-presence,mig-series-15ak,variant,std-complete-torch,ORK 15AK Complete Torch,assembly,std-torch-3m,ORK 15AK Complete Torch 3 m,component_presence,Catalog Component,ORK 15AK Complete Torch 3 m,,"Renqiu Ailesen welding catalog PDF page 8 (catalog pages 9-10), ORK 15AK complete torch section.",A,NEEDS_FACTORY_CONFIRMATION,,,,,evidence_only,,Official company catalog review,2026-08-25,ORK 15AK Complete Torch catalog candidate only; no ArcFort Weld SKU or confirmed compatibility is assigned.
15ak-std-torch-3m-cable-length,mig-series-15ak,variant,std-complete-torch,ORK 15AK Complete Torch,assembly,std-torch-3m,ORK 15AK Complete Torch 3 m,cable_length,Catalog Cable Length,3,m,"Renqiu Ailesen welding catalog PDF page 8 (catalog pages 9-10), ORK 15AK complete torch section.",A,NEEDS_FACTORY_CONFIRMATION,,,,,evidence_only,,Official company catalog review,2026-08-25,Confirm the complete supplied cable assembly length.
15ak-std-nozzle-cylindrical-16mm-presence,mig-series-15ak,variant,std-gas-nozzle,Gas Nozzle,1,std-nozzle-cylindrical-16mm,Standard Arrangement Cylindrical Nozzle 16 mm,component_presence,Catalog Component,Standard Arrangement Cylindrical Nozzle 16 mm,,"Renqiu Ailesen welding catalog PDF page 8 (catalog pages 9-10), ORK 15AK complete torch section.",A,NEEDS_FACTORY_CONFIRMATION,,,,,evidence_only,,Official company catalog review,2026-08-25,Standard Arrangement catalog candidate only; no ArcFort Weld SKU or confirmed compatibility is assigned.
15ak-std-nozzle-cylindrical-16mm-nozzle-profile,mig-series-15ak,variant,std-gas-nozzle,Gas Nozzle,1,std-nozzle-cylindrical-16mm,Standard Arrangement Cylindrical Nozzle 16 mm,profile,Nozzle Profile,Cylindrical,,"Renqiu Ailesen welding catalog PDF page 8 (catalog pages 9-10), ORK 15AK complete torch section.",A,NEEDS_FACTORY_CONFIRMATION,,,,,evidence_only,,Official company catalog review,2026-08-25,Confirm the profile against the exact supplied nozzle.
15ak-std-nozzle-cylindrical-16mm-catalog-opening-diameter,mig-series-15ak,variant,std-gas-nozzle,Gas Nozzle,1,std-nozzle-cylindrical-16mm,Standard Arrangement Cylindrical Nozzle 16 mm,opening,Catalog Opening Diameter,16,mm,"Renqiu Ailesen welding catalog PDF page 8 (catalog pages 9-10), ORK 15AK complete torch section.",A,NEEDS_FACTORY_CONFIRMATION,,,,,evidence_only,,Official company catalog review,2026-08-25,Confirm the opening on the same exact supplied nozzle.
15ak-std-nozzle-cylindrical-16mm-catalog-diagram-length,mig-series-15ak,variant,std-gas-nozzle,Gas Nozzle,1,std-nozzle-cylindrical-16mm,Standard Arrangement Cylindrical Nozzle 16 mm,overall_length,Catalog Diagram Length,53,mm,"Renqiu Ailesen welding catalog PDF page 8 (catalog pages 9-10), ORK 15AK complete torch section.",A,NEEDS_FACTORY_CONFIRMATION,,,,,evidence_only,,Official company catalog review,2026-08-25,Shared catalog drawing reference; verify this value for the exact listed profile.
15ak-std-nozzle-cylindrical-16mm-catalog-diagram-outside-diameter,mig-series-15ak,variant,std-gas-nozzle,Gas Nozzle,1,std-nozzle-cylindrical-16mm,Standard Arrangement Cylindrical Nozzle 16 mm,outside_diameter,Catalog Diagram Outside Diameter,18,mm,"Renqiu Ailesen welding catalog PDF page 8 (catalog pages 9-10), ORK 15AK complete torch section.",A,NEEDS_FACTORY_CONFIRMATION,,,,,evidence_only,,Official company catalog review,2026-08-25,Shared catalog drawing reference; verify this value for the exact listed profile.
15ak-std-nozzle-conical-12mm-presence,mig-series-15ak,variant,std-gas-nozzle,Gas Nozzle,1,std-nozzle-conical-12mm,Standard Arrangement Conical Nozzle 12 mm,component_presence,Catalog Component,Standard Arrangement Conical Nozzle 12 mm,,"Renqiu Ailesen welding catalog PDF page 8 (catalog pages 9-10), ORK 15AK complete torch section.",A,NEEDS_FACTORY_CONFIRMATION,,,,,evidence_only,,Official company catalog review,2026-08-25,Standard Arrangement catalog candidate only; no ArcFort Weld SKU or confirmed compatibility is assigned.
15ak-std-nozzle-conical-12mm-nozzle-profile,mig-series-15ak,variant,std-gas-nozzle,Gas Nozzle,1,std-nozzle-conical-12mm,Standard Arrangement Conical Nozzle 12 mm,profile,Nozzle Profile,Conical,,"Renqiu Ailesen welding catalog PDF page 8 (catalog pages 9-10), ORK 15AK complete torch section.",A,NEEDS_FACTORY_CONFIRMATION,,,,,evidence_only,,Official company catalog review,2026-08-25,Confirm the profile against the exact supplied nozzle.
15ak-std-nozzle-conical-12mm-catalog-opening-diameter,mig-series-15ak,variant,std-gas-nozzle,Gas Nozzle,1,std-nozzle-conical-12mm,Standard Arrangement Conical Nozzle 12 mm,opening,Catalog Opening Diameter,12,mm,"Renqiu Ailesen welding catalog PDF page 8 (catalog pages 9-10), ORK 15AK complete torch section.",A,NEEDS_FACTORY_CONFIRMATION,,,,,evidence_only,,Official company catalog review,2026-08-25,Confirm the opening on the same exact supplied nozzle.
15ak-std-nozzle-conical-12mm-catalog-diagram-length,mig-series-15ak,variant,std-gas-nozzle,Gas Nozzle,1,std-nozzle-conical-12mm,Standard Arrangement Conical Nozzle 12 mm,overall_length,Catalog Diagram Length,53,mm,"Renqiu Ailesen welding catalog PDF page 8 (catalog pages 9-10), ORK 15AK complete torch section.",A,NEEDS_FACTORY_CONFIRMATION,,,,,evidence_only,,Official company catalog review,2026-08-25,Shared catalog drawing reference; verify this value for the exact listed profile.
15ak-std-nozzle-conical-12mm-catalog-diagram-outside-diameter,mig-series-15ak,variant,std-gas-nozzle,Gas Nozzle,1,std-nozzle-conical-12mm,Standard Arrangement Conical Nozzle 12 mm,outside_diameter,Catalog Diagram Outside Diameter,18,mm,"Renqiu Ailesen welding catalog PDF page 8 (catalog pages 9-10), ORK 15AK complete torch section.",A,NEEDS_FACTORY_CONFIRMATION,,,,,evidence_only,,Official company catalog review,2026-08-25,Shared catalog drawing reference; verify this value for the exact listed profile.
15ak-std-nozzle-tapered-9-5mm-presence,mig-series-15ak,variant,std-gas-nozzle,Gas Nozzle,1,std-nozzle-tapered-9-5mm,Standard Arrangement Tapered Nozzle 9.5 mm,component_presence,Catalog Component,Standard Arrangement Tapered Nozzle 9.5 mm,,"Renqiu Ailesen welding catalog PDF page 8 (catalog pages 9-10), ORK 15AK complete torch section.",A,NEEDS_FACTORY_CONFIRMATION,,,,,evidence_only,,Official company catalog review,2026-08-25,Standard Arrangement catalog candidate only; no ArcFort Weld SKU or confirmed compatibility is assigned.
15ak-std-nozzle-tapered-9-5mm-nozzle-profile,mig-series-15ak,variant,std-gas-nozzle,Gas Nozzle,1,std-nozzle-tapered-9-5mm,Standard Arrangement Tapered Nozzle 9.5 mm,profile,Nozzle Profile,Tapered,,"Renqiu Ailesen welding catalog PDF page 8 (catalog pages 9-10), ORK 15AK complete torch section.",A,NEEDS_FACTORY_CONFIRMATION,,,,,evidence_only,,Official company catalog review,2026-08-25,Confirm the profile against the exact supplied nozzle.
15ak-std-nozzle-tapered-9-5mm-catalog-opening-diameter,mig-series-15ak,variant,std-gas-nozzle,Gas Nozzle,1,std-nozzle-tapered-9-5mm,Standard Arrangement Tapered Nozzle 9.5 mm,opening,Catalog Opening Diameter,9.5,mm,"Renqiu Ailesen welding catalog PDF page 8 (catalog pages 9-10), ORK 15AK complete torch section.",A,NEEDS_FACTORY_CONFIRMATION,,,,,evidence_only,,Official company catalog review,2026-08-25,Confirm the opening on the same exact supplied nozzle.
15ak-std-nozzle-tapered-9-5mm-catalog-diagram-length,mig-series-15ak,variant,std-gas-nozzle,Gas Nozzle,1,std-nozzle-tapered-9-5mm,Standard Arrangement Tapered Nozzle 9.5 mm,overall_length,Catalog Diagram Length,53,mm,"Renqiu Ailesen welding catalog PDF page 8 (catalog pages 9-10), ORK 15AK complete torch section.",A,NEEDS_FACTORY_CONFIRMATION,,,,,evidence_only,,Official company catalog review,2026-08-25,Shared catalog drawing reference; verify this value for the exact listed profile.
15ak-std-nozzle-tapered-9-5mm-catalog-diagram-outside-diameter,mig-series-15ak,variant,std-gas-nozzle,Gas Nozzle,1,std-nozzle-tapered-9-5mm,Standard Arrangement Tapered Nozzle 9.5 mm,outside_diameter,Catalog Diagram Outside Diameter,18,mm,"Renqiu Ailesen welding catalog PDF page 8 (catalog pages 9-10), ORK 15AK complete torch section.",A,NEEDS_FACTORY_CONFIRMATION,,,,,evidence_only,,Official company catalog review,2026-08-25,Shared catalog drawing reference; verify this value for the exact listed profile.
15ak-std-tip-ecu-0-6mm-presence,mig-series-15ak,variant,std-contact-tip,Contact Tip,2,std-tip-ecu-0-6mm,Standard Arrangement E-Cu Contact Tip 0.6 mm,component_presence,Catalog Component,Standard Arrangement E-Cu Contact Tip 0.6 mm,,"Renqiu Ailesen welding catalog PDF page 8 (catalog pages 9-10), ORK 15AK complete torch section.",A,NEEDS_FACTORY_CONFIRMATION,,,,,evidence_only,,Official company catalog review,2026-08-25,Standard Arrangement catalog candidate only; no ArcFort Weld SKU or confirmed compatibility is assigned.
15ak-std-tip-ecu-0-6mm-catalog-material,mig-series-15ak,variant,std-contact-tip,Contact Tip,2,std-tip-ecu-0-6mm,Standard Arrangement E-Cu Contact Tip 0.6 mm,material,Catalog Material,E-Cu,,"Renqiu Ailesen welding catalog PDF page 8 (catalog pages 9-10), ORK 15AK complete torch section.",A,NEEDS_FACTORY_CONFIRMATION,,,,,evidence_only,,Official company catalog review,2026-08-25,Confirm the supplied material grade for the exact candidate.
15ak-std-tip-ecu-0-6mm-catalog-wire-size,mig-series-15ak,variant,std-contact-tip,Contact Tip,2,std-tip-ecu-0-6mm,Standard Arrangement E-Cu Contact Tip 0.6 mm,wire_size,Catalog Wire Size,0.6,mm,"Renqiu Ailesen welding catalog PDF page 8 (catalog pages 9-10), ORK 15AK complete torch section.",A,NEEDS_FACTORY_CONFIRMATION,,,,,evidence_only,,Official company catalog review,2026-08-25,Confirm the bore and genuine marking on the exact candidate.
15ak-std-tip-ecu-0-6mm-catalog-thread,mig-series-15ak,variant,std-contact-tip,Contact Tip,2,std-tip-ecu-0-6mm,Standard Arrangement E-Cu Contact Tip 0.6 mm,thread,Catalog Thread,M6,,"Renqiu Ailesen welding catalog PDF page 8 (catalog pages 9-10), ORK 15AK complete torch section.",A,NEEDS_FACTORY_CONFIRMATION,,,,,evidence_only,,Official company catalog review,2026-08-25,Shared catalog drawing reference; confirm the mating holder on the exact candidate.
15ak-std-tip-ecu-0-6mm-catalog-overall-length,mig-series-15ak,variant,std-contact-tip,Contact Tip,2,std-tip-ecu-0-6mm,Standard Arrangement E-Cu Contact Tip 0.6 mm,overall_length,Catalog Overall Length,25,mm,"Renqiu Ailesen welding catalog PDF page 8 (catalog pages 9-10), ORK 15AK complete torch section.",A,NEEDS_FACTORY_CONFIRMATION,,,,,evidence_only,,Official company catalog review,2026-08-25,Shared catalog drawing reference; measure the exact candidate before confirmation.
15ak-std-tip-ecu-0-8mm-presence,mig-series-15ak,variant,std-contact-tip,Contact Tip,2,std-tip-ecu-0-8mm,Standard Arrangement E-Cu Contact Tip 0.8 mm,component_presence,Catalog Component,Standard Arrangement E-Cu Contact Tip 0.8 mm,,"Renqiu Ailesen welding catalog PDF page 8 (catalog pages 9-10), ORK 15AK complete torch section.",A,NEEDS_FACTORY_CONFIRMATION,,,,,evidence_only,,Official company catalog review,2026-08-25,Standard Arrangement catalog candidate only; no ArcFort Weld SKU or confirmed compatibility is assigned.
15ak-std-tip-ecu-0-8mm-catalog-material,mig-series-15ak,variant,std-contact-tip,Contact Tip,2,std-tip-ecu-0-8mm,Standard Arrangement E-Cu Contact Tip 0.8 mm,material,Catalog Material,E-Cu,,"Renqiu Ailesen welding catalog PDF page 8 (catalog pages 9-10), ORK 15AK complete torch section.",A,NEEDS_FACTORY_CONFIRMATION,,,,,evidence_only,,Official company catalog review,2026-08-25,Confirm the supplied material grade for the exact candidate.
15ak-std-tip-ecu-0-8mm-catalog-wire-size,mig-series-15ak,variant,std-contact-tip,Contact Tip,2,std-tip-ecu-0-8mm,Standard Arrangement E-Cu Contact Tip 0.8 mm,wire_size,Catalog Wire Size,0.8,mm,"Renqiu Ailesen welding catalog PDF page 8 (catalog pages 9-10), ORK 15AK complete torch section.",A,NEEDS_FACTORY_CONFIRMATION,,,,,evidence_only,,Official company catalog review,2026-08-25,Confirm the bore and genuine marking on the exact candidate.
15ak-std-tip-ecu-0-8mm-catalog-thread,mig-series-15ak,variant,std-contact-tip,Contact Tip,2,std-tip-ecu-0-8mm,Standard Arrangement E-Cu Contact Tip 0.8 mm,thread,Catalog Thread,M6,,"Renqiu Ailesen welding catalog PDF page 8 (catalog pages 9-10), ORK 15AK complete torch section.",A,NEEDS_FACTORY_CONFIRMATION,,,,,evidence_only,,Official company catalog review,2026-08-25,Shared catalog drawing reference; confirm the mating holder on the exact candidate.
15ak-std-tip-ecu-0-8mm-catalog-overall-length,mig-series-15ak,variant,std-contact-tip,Contact Tip,2,std-tip-ecu-0-8mm,Standard Arrangement E-Cu Contact Tip 0.8 mm,overall_length,Catalog Overall Length,25,mm,"Renqiu Ailesen welding catalog PDF page 8 (catalog pages 9-10), ORK 15AK complete torch section.",A,NEEDS_FACTORY_CONFIRMATION,,,,,evidence_only,,Official company catalog review,2026-08-25,Shared catalog drawing reference; measure the exact candidate before confirmation.
15ak-std-tip-ecu-0-9mm-presence,mig-series-15ak,variant,std-contact-tip,Contact Tip,2,std-tip-ecu-0-9mm,Standard Arrangement E-Cu Contact Tip 0.9 mm,component_presence,Catalog Component,Standard Arrangement E-Cu Contact Tip 0.9 mm,,"Renqiu Ailesen welding catalog PDF page 8 (catalog pages 9-10), ORK 15AK complete torch section.",A,NEEDS_FACTORY_CONFIRMATION,,,,,evidence_only,,Official company catalog review,2026-08-25,Standard Arrangement catalog candidate only; no ArcFort Weld SKU or confirmed compatibility is assigned.
15ak-std-tip-ecu-0-9mm-catalog-material,mig-series-15ak,variant,std-contact-tip,Contact Tip,2,std-tip-ecu-0-9mm,Standard Arrangement E-Cu Contact Tip 0.9 mm,material,Catalog Material,E-Cu,,"Renqiu Ailesen welding catalog PDF page 8 (catalog pages 9-10), ORK 15AK complete torch section.",A,NEEDS_FACTORY_CONFIRMATION,,,,,evidence_only,,Official company catalog review,2026-08-25,Confirm the supplied material grade for the exact candidate.
15ak-std-tip-ecu-0-9mm-catalog-wire-size,mig-series-15ak,variant,std-contact-tip,Contact Tip,2,std-tip-ecu-0-9mm,Standard Arrangement E-Cu Contact Tip 0.9 mm,wire_size,Catalog Wire Size,0.9,mm,"Renqiu Ailesen welding catalog PDF page 8 (catalog pages 9-10), ORK 15AK complete torch section.",A,NEEDS_FACTORY_CONFIRMATION,,,,,evidence_only,,Official company catalog review,2026-08-25,Confirm the bore and genuine marking on the exact candidate.
15ak-std-tip-ecu-0-9mm-catalog-thread,mig-series-15ak,variant,std-contact-tip,Contact Tip,2,std-tip-ecu-0-9mm,Standard Arrangement E-Cu Contact Tip 0.9 mm,thread,Catalog Thread,M6,,"Renqiu Ailesen welding catalog PDF page 8 (catalog pages 9-10), ORK 15AK complete torch section.",A,NEEDS_FACTORY_CONFIRMATION,,,,,evidence_only,,Official company catalog review,2026-08-25,Shared catalog drawing reference; confirm the mating holder on the exact candidate.
15ak-std-tip-ecu-0-9mm-catalog-overall-length,mig-series-15ak,variant,std-contact-tip,Contact Tip,2,std-tip-ecu-0-9mm,Standard Arrangement E-Cu Contact Tip 0.9 mm,overall_length,Catalog Overall Length,25,mm,"Renqiu Ailesen welding catalog PDF page 8 (catalog pages 9-10), ORK 15AK complete torch section.",A,NEEDS_FACTORY_CONFIRMATION,,,,,evidence_only,,Official company catalog review,2026-08-25,Shared catalog drawing reference; measure the exact candidate before confirmation.
15ak-std-tip-ecu-1-0mm-presence,mig-series-15ak,variant,std-contact-tip,Contact Tip,2,std-tip-ecu-1-0mm,Standard Arrangement E-Cu Contact Tip 1.0 mm,component_presence,Catalog Component,Standard Arrangement E-Cu Contact Tip 1.0 mm,,"Renqiu Ailesen welding catalog PDF page 8 (catalog pages 9-10), ORK 15AK complete torch section.",A,NEEDS_FACTORY_CONFIRMATION,,,,,evidence_only,,Official company catalog review,2026-08-25,Standard Arrangement catalog candidate only; no ArcFort Weld SKU or confirmed compatibility is assigned.
15ak-std-tip-ecu-1-0mm-catalog-material,mig-series-15ak,variant,std-contact-tip,Contact Tip,2,std-tip-ecu-1-0mm,Standard Arrangement E-Cu Contact Tip 1.0 mm,material,Catalog Material,E-Cu,,"Renqiu Ailesen welding catalog PDF page 8 (catalog pages 9-10), ORK 15AK complete torch section.",A,NEEDS_FACTORY_CONFIRMATION,,,,,evidence_only,,Official company catalog review,2026-08-25,Confirm the supplied material grade for the exact candidate.
15ak-std-tip-ecu-1-0mm-catalog-wire-size,mig-series-15ak,variant,std-contact-tip,Contact Tip,2,std-tip-ecu-1-0mm,Standard Arrangement E-Cu Contact Tip 1.0 mm,wire_size,Catalog Wire Size,1.0,mm,"Renqiu Ailesen welding catalog PDF page 8 (catalog pages 9-10), ORK 15AK complete torch section.",A,NEEDS_FACTORY_CONFIRMATION,,,,,evidence_only,,Official company catalog review,2026-08-25,Confirm the bore and genuine marking on the exact candidate.
15ak-std-tip-ecu-1-0mm-catalog-thread,mig-series-15ak,variant,std-contact-tip,Contact Tip,2,std-tip-ecu-1-0mm,Standard Arrangement E-Cu Contact Tip 1.0 mm,thread,Catalog Thread,M6,,"Renqiu Ailesen welding catalog PDF page 8 (catalog pages 9-10), ORK 15AK complete torch section.",A,NEEDS_FACTORY_CONFIRMATION,,,,,evidence_only,,Official company catalog review,2026-08-25,Shared catalog drawing reference; confirm the mating holder on the exact candidate.
15ak-std-tip-ecu-1-0mm-catalog-overall-length,mig-series-15ak,variant,std-contact-tip,Contact Tip,2,std-tip-ecu-1-0mm,Standard Arrangement E-Cu Contact Tip 1.0 mm,overall_length,Catalog Overall Length,25,mm,"Renqiu Ailesen welding catalog PDF page 8 (catalog pages 9-10), ORK 15AK complete torch section.",A,NEEDS_FACTORY_CONFIRMATION,,,,,evidence_only,,Official company catalog review,2026-08-25,Shared catalog drawing reference; measure the exact candidate before confirmation.
15ak-std-tip-cucrzr-0-6mm-presence,mig-series-15ak,variant,std-contact-tip,Contact Tip,2,std-tip-cucrzr-0-6mm,Standard Arrangement CuCrZr Contact Tip 0.6 mm,component_presence,Catalog Component,Standard Arrangement CuCrZr Contact Tip 0.6 mm,,"Renqiu Ailesen welding catalog PDF page 8 (catalog pages 9-10), ORK 15AK complete torch section.",A,NEEDS_FACTORY_CONFIRMATION,,,,,evidence_only,,Official company catalog review,2026-08-25,Standard Arrangement catalog candidate only; no ArcFort Weld SKU or confirmed compatibility is assigned.
15ak-std-tip-cucrzr-0-6mm-catalog-material,mig-series-15ak,variant,std-contact-tip,Contact Tip,2,std-tip-cucrzr-0-6mm,Standard Arrangement CuCrZr Contact Tip 0.6 mm,material,Catalog Material,CuCrZr,,"Renqiu Ailesen welding catalog PDF page 8 (catalog pages 9-10), ORK 15AK complete torch section.",A,NEEDS_FACTORY_CONFIRMATION,,,,,evidence_only,,Official company catalog review,2026-08-25,Confirm the supplied material grade for the exact candidate.
15ak-std-tip-cucrzr-0-6mm-catalog-wire-size,mig-series-15ak,variant,std-contact-tip,Contact Tip,2,std-tip-cucrzr-0-6mm,Standard Arrangement CuCrZr Contact Tip 0.6 mm,wire_size,Catalog Wire Size,0.6,mm,"Renqiu Ailesen welding catalog PDF page 8 (catalog pages 9-10), ORK 15AK complete torch section.",A,NEEDS_FACTORY_CONFIRMATION,,,,,evidence_only,,Official company catalog review,2026-08-25,Confirm the bore and genuine marking on the exact candidate.
15ak-std-tip-cucrzr-0-6mm-catalog-thread,mig-series-15ak,variant,std-contact-tip,Contact Tip,2,std-tip-cucrzr-0-6mm,Standard Arrangement CuCrZr Contact Tip 0.6 mm,thread,Catalog Thread,M6,,"Renqiu Ailesen welding catalog PDF page 8 (catalog pages 9-10), ORK 15AK complete torch section.",A,NEEDS_FACTORY_CONFIRMATION,,,,,evidence_only,,Official company catalog review,2026-08-25,Shared catalog drawing reference; confirm the mating holder on the exact candidate.
15ak-std-tip-cucrzr-0-6mm-catalog-overall-length,mig-series-15ak,variant,std-contact-tip,Contact Tip,2,std-tip-cucrzr-0-6mm,Standard Arrangement CuCrZr Contact Tip 0.6 mm,overall_length,Catalog Overall Length,25,mm,"Renqiu Ailesen welding catalog PDF page 8 (catalog pages 9-10), ORK 15AK complete torch section.",A,NEEDS_FACTORY_CONFIRMATION,,,,,evidence_only,,Official company catalog review,2026-08-25,Shared catalog drawing reference; measure the exact candidate before confirmation.
15ak-std-tip-cucrzr-0-8mm-presence,mig-series-15ak,variant,std-contact-tip,Contact Tip,2,std-tip-cucrzr-0-8mm,Standard Arrangement CuCrZr Contact Tip 0.8 mm,component_presence,Catalog Component,Standard Arrangement CuCrZr Contact Tip 0.8 mm,,"Renqiu Ailesen welding catalog PDF page 8 (catalog pages 9-10), ORK 15AK complete torch section.",A,NEEDS_FACTORY_CONFIRMATION,,,,,evidence_only,,Official company catalog review,2026-08-25,Standard Arrangement catalog candidate only; no ArcFort Weld SKU or confirmed compatibility is assigned.
15ak-std-tip-cucrzr-0-8mm-catalog-material,mig-series-15ak,variant,std-contact-tip,Contact Tip,2,std-tip-cucrzr-0-8mm,Standard Arrangement CuCrZr Contact Tip 0.8 mm,material,Catalog Material,CuCrZr,,"Renqiu Ailesen welding catalog PDF page 8 (catalog pages 9-10), ORK 15AK complete torch section.",A,NEEDS_FACTORY_CONFIRMATION,,,,,evidence_only,,Official company catalog review,2026-08-25,Confirm the supplied material grade for the exact candidate.
15ak-std-tip-cucrzr-0-8mm-catalog-wire-size,mig-series-15ak,variant,std-contact-tip,Contact Tip,2,std-tip-cucrzr-0-8mm,Standard Arrangement CuCrZr Contact Tip 0.8 mm,wire_size,Catalog Wire Size,0.8,mm,"Renqiu Ailesen welding catalog PDF page 8 (catalog pages 9-10), ORK 15AK complete torch section.",A,NEEDS_FACTORY_CONFIRMATION,,,,,evidence_only,,Official company catalog review,2026-08-25,Confirm the bore and genuine marking on the exact candidate.
15ak-std-tip-cucrzr-0-8mm-catalog-thread,mig-series-15ak,variant,std-contact-tip,Contact Tip,2,std-tip-cucrzr-0-8mm,Standard Arrangement CuCrZr Contact Tip 0.8 mm,thread,Catalog Thread,M6,,"Renqiu Ailesen welding catalog PDF page 8 (catalog pages 9-10), ORK 15AK complete torch section.",A,NEEDS_FACTORY_CONFIRMATION,,,,,evidence_only,,Official company catalog review,2026-08-25,Shared catalog drawing reference; confirm the mating holder on the exact candidate.
15ak-std-tip-cucrzr-0-8mm-catalog-overall-length,mig-series-15ak,variant,std-contact-tip,Contact Tip,2,std-tip-cucrzr-0-8mm,Standard Arrangement CuCrZr Contact Tip 0.8 mm,overall_length,Catalog Overall Length,25,mm,"Renqiu Ailesen welding catalog PDF page 8 (catalog pages 9-10), ORK 15AK complete torch section.",A,NEEDS_FACTORY_CONFIRMATION,,,,,evidence_only,,Official company catalog review,2026-08-25,Shared catalog drawing reference; measure the exact candidate before confirmation.
15ak-std-tip-cucrzr-1-0mm-presence,mig-series-15ak,variant,std-contact-tip,Contact Tip,2,std-tip-cucrzr-1-0mm,Standard Arrangement CuCrZr Contact Tip 1.0 mm,component_presence,Catalog Component,Standard Arrangement CuCrZr Contact Tip 1.0 mm,,"Renqiu Ailesen welding catalog PDF page 8 (catalog pages 9-10), ORK 15AK complete torch section.",A,NEEDS_FACTORY_CONFIRMATION,,,,,evidence_only,,Official company catalog review,2026-08-25,Standard Arrangement catalog candidate only; no ArcFort Weld SKU or confirmed compatibility is assigned.
15ak-std-tip-cucrzr-1-0mm-catalog-material,mig-series-15ak,variant,std-contact-tip,Contact Tip,2,std-tip-cucrzr-1-0mm,Standard Arrangement CuCrZr Contact Tip 1.0 mm,material,Catalog Material,CuCrZr,,"Renqiu Ailesen welding catalog PDF page 8 (catalog pages 9-10), ORK 15AK complete torch section.",A,NEEDS_FACTORY_CONFIRMATION,,,,,evidence_only,,Official company catalog review,2026-08-25,Confirm the supplied material grade for the exact candidate.
15ak-std-tip-cucrzr-1-0mm-catalog-wire-size,mig-series-15ak,variant,std-contact-tip,Contact Tip,2,std-tip-cucrzr-1-0mm,Standard Arrangement CuCrZr Contact Tip 1.0 mm,wire_size,Catalog Wire Size,1.0,mm,"Renqiu Ailesen welding catalog PDF page 8 (catalog pages 9-10), ORK 15AK complete torch section.",A,NEEDS_FACTORY_CONFIRMATION,,,,,evidence_only,,Official company catalog review,2026-08-25,Confirm the bore and genuine marking on the exact candidate.
15ak-std-tip-cucrzr-1-0mm-catalog-thread,mig-series-15ak,variant,std-contact-tip,Contact Tip,2,std-tip-cucrzr-1-0mm,Standard Arrangement CuCrZr Contact Tip 1.0 mm,thread,Catalog Thread,M6,,"Renqiu Ailesen welding catalog PDF page 8 (catalog pages 9-10), ORK 15AK complete torch section.",A,NEEDS_FACTORY_CONFIRMATION,,,,,evidence_only,,Official company catalog review,2026-08-25,Shared catalog drawing reference; confirm the mating holder on the exact candidate.
15ak-std-tip-cucrzr-1-0mm-catalog-overall-length,mig-series-15ak,variant,std-contact-tip,Contact Tip,2,std-tip-cucrzr-1-0mm,Standard Arrangement CuCrZr Contact Tip 1.0 mm,overall_length,Catalog Overall Length,25,mm,"Renqiu Ailesen welding catalog PDF page 8 (catalog pages 9-10), ORK 15AK complete torch section.",A,NEEDS_FACTORY_CONFIRMATION,,,,,evidence_only,,Official company catalog review,2026-08-25,Shared catalog drawing reference; measure the exact candidate before confirmation.
15ak-std-tip-holder-spring-presence,mig-series-15ak,variant,std-tip-holder-spring,Contact Tip Holder Spring,3,std-tip-holder-spring,Contact Tip Holder Spring,component_presence,Catalog Component,Contact Tip Holder Spring,,"Renqiu Ailesen welding catalog PDF page 8 (catalog pages 9-10), ORK 15AK complete torch section.",A,NEEDS_FACTORY_CONFIRMATION,,,,,evidence_only,,Official company catalog review,2026-08-25,Standard Arrangement catalog candidate only; no ArcFort Weld SKU or confirmed compatibility is assigned.
15ak-std-insulator-presence,mig-series-15ak,variant,std-insulator,Insulator,5,std-insulator,Insulator,component_presence,Catalog Component,Insulator,,"Renqiu Ailesen welding catalog PDF page 8 (catalog pages 9-10), ORK 15AK complete torch section.",A,NEEDS_FACTORY_CONFIRMATION,,,,,evidence_only,,Official company catalog review,2026-08-25,Standard Arrangement catalog candidate only; no ArcFort Weld SKU or confirmed compatibility is assigned.
15ak-std-swan-neck-presence,mig-series-15ak,variant,std-swan-neck,Swan Neck,6,std-swan-neck,Swan Neck,component_presence,Catalog Component,Swan Neck,,"Renqiu Ailesen welding catalog PDF page 8 (catalog pages 9-10), ORK 15AK complete torch section.",A,NEEDS_FACTORY_CONFIRMATION,,,,,evidence_only,,Official company catalog review,2026-08-25,Standard Arrangement catalog candidate only; no ArcFort Weld SKU or confirmed compatibility is assigned.
15ak-std-cable-support-spring-presence,mig-series-15ak,variant,std-cable-support-spring,Cable Support Spring,7,std-cable-support-spring,Cable Support Spring,component_presence,Catalog Component,Cable Support Spring,,"Renqiu Ailesen welding catalog PDF page 8 (catalog pages 9-10), ORK 15AK complete torch section.",A,NEEDS_FACTORY_CONFIRMATION,,,,,evidence_only,,Official company catalog review,2026-08-25,Standard Arrangement catalog candidate only; no ArcFort Weld SKU or confirmed compatibility is assigned.
15ak-std-rear-handle-presence,mig-series-15ak,variant,std-rear-handle,Rear Handle,8,std-rear-handle,Rear Handle,component_presence,Catalog Component,Rear Handle,,"Renqiu Ailesen welding catalog PDF page 8 (catalog pages 9-10), ORK 15AK complete torch section.",A,NEEDS_FACTORY_CONFIRMATION,,,,,evidence_only,,Official company catalog review,2026-08-25,Standard Arrangement catalog candidate only; no ArcFort Weld SKU or confirmed compatibility is assigned.
15ak-std-adaptor-nut-presence,mig-series-15ak,variant,std-adaptor-nut,Adaptor Nut,9,std-adaptor-nut,Adaptor Nut,component_presence,Catalog Component,Adaptor Nut,,"Renqiu Ailesen welding catalog PDF page 8 (catalog pages 9-10), ORK 15AK complete torch section.",A,NEEDS_FACTORY_CONFIRMATION,,,,,evidence_only,,Official company catalog review,2026-08-25,Standard Arrangement catalog candidate only; no ArcFort Weld SKU or confirmed compatibility is assigned.
15ak-std-euro-connector-presence,mig-series-15ak,variant,std-euro-connector,Euro Connector,10,std-euro-connector,Euro Connector,component_presence,Catalog Component,Euro Connector,,"Renqiu Ailesen welding catalog PDF page 8 (catalog pages 9-10), ORK 15AK complete torch section.",A,NEEDS_FACTORY_CONFIRMATION,,,,,evidence_only,,Official company catalog review,2026-08-25,Standard Arrangement catalog candidate only; no ArcFort Weld SKU or confirmed compatibility is assigned.
15ak-std-tip-holder-presence,mig-series-15ak,variant,std-contact-tip-holder,Contact Tip Holder,4,std-tip-holder,Standard Arrangement Contact Tip Holder,component_presence,Catalog Component,Standard Arrangement Contact Tip Holder,,"Renqiu Ailesen welding catalog PDF page 8 (catalog pages 9-10), ORK 15AK complete torch section.",A,NEEDS_FACTORY_CONFIRMATION,,,,,evidence_only,,Official company catalog review,2026-08-25,Standard Arrangement catalog candidate only; no ArcFort Weld SKU or confirmed compatibility is assigned.
15ak-std-tip-holder-catalog-overall-length,mig-series-15ak,variant,std-contact-tip-holder,Contact Tip Holder,4,std-tip-holder,Standard Arrangement Contact Tip Holder,overall_length,Catalog Overall Length,42,mm,"Renqiu Ailesen welding catalog PDF page 8 (catalog pages 9-10), ORK 15AK complete torch section.",A,NEEDS_FACTORY_CONFIRMATION,,,,,evidence_only,,Official company catalog review,2026-08-25,Measure the exact holder candidate.
15ak-std-tip-holder-tip-side-thread,mig-series-15ak,variant,std-contact-tip-holder,Contact Tip Holder,4,std-tip-holder,Standard Arrangement Contact Tip Holder,thread,Contact-Tip Side Thread,M6,,"Renqiu Ailesen welding catalog PDF page 8 (catalog pages 9-10), ORK 15AK complete torch section.",A,NEEDS_FACTORY_CONFIRMATION,,,,,evidence_only,,Official company catalog review,2026-08-25,Confirm thread and mating contact tip.
15ak-std-tip-holder-neck-side-thread,mig-series-15ak,variant,std-contact-tip-holder,Contact Tip Holder,4,std-tip-holder,Standard Arrangement Contact Tip Holder,thread,Torch-Neck Side Thread,M8 x 1 LH,,"Renqiu Ailesen welding catalog PDF page 8 (catalog pages 9-10), ORK 15AK complete torch section.",A,NEEDS_FACTORY_CONFIRMATION,,,,,evidence_only,,Official company catalog review,2026-08-25,"Confirm pitch, handedness and mating swan neck."
15ak-std-connector-nut-m10x1-presence,mig-series-15ak,variant,std-connector-nut,Connector Nut,11,std-connector-nut-m10x1,Connector Nut M10 x 1,component_presence,Catalog Component,Connector Nut M10 x 1,,"Renqiu Ailesen welding catalog PDF page 8 (catalog pages 9-10), ORK 15AK complete torch section.",A,NEEDS_FACTORY_CONFIRMATION,,,,,evidence_only,,Official company catalog review,2026-08-25,Standard Arrangement catalog candidate only; no ArcFort Weld SKU or confirmed compatibility is assigned.
15ak-std-connector-nut-m10x1-catalog-thread-designation,mig-series-15ak,variant,std-connector-nut,Connector Nut,11,std-connector-nut-m10x1,Connector Nut M10 x 1,thread,Catalog Thread Designation,M10 x 1,,"Renqiu Ailesen welding catalog PDF page 8 (catalog pages 9-10), ORK 15AK complete torch section.",A,NEEDS_FACTORY_CONFIRMATION,,,,,evidence_only,,Official company catalog review,2026-08-25,Confirm pitch and handedness on the exact nut.
15ak-std-liner-3-5m-presence,mig-series-15ak,variant,std-torch-liner,Torch Liner,12,std-liner-3-5m,Standard Arrangement Torch Liner 3.5 m,component_presence,Catalog Component,Standard Arrangement Torch Liner 3.5 m,,"Renqiu Ailesen welding catalog PDF page 8 (catalog pages 9-10), ORK 15AK complete torch section.",A,NEEDS_FACTORY_CONFIRMATION,,,,,evidence_only,,Official company catalog review,2026-08-25,Standard Arrangement catalog candidate only; no ArcFort Weld SKU or confirmed compatibility is assigned.
15ak-std-liner-3-5m-catalog-liner-length,mig-series-15ak,variant,std-torch-liner,Torch Liner,12,std-liner-3-5m,Standard Arrangement Torch Liner 3.5 m,overall_length,Catalog Liner Length,3.5,m,"Renqiu Ailesen welding catalog PDF page 8 (catalog pages 9-10), ORK 15AK complete torch section.",A,NEEDS_FACTORY_CONFIRMATION,,,,,evidence_only,,Official company catalog review,2026-08-25,Confirm the full supplied liner length.
15ak-std-liner-3-5m-catalog-wire-range,mig-series-15ak,variant,std-torch-liner,Torch Liner,12,std-liner-3-5m,Standard Arrangement Torch Liner 3.5 m,wire_size,Catalog Wire Range,0.8-1.0,mm,"Renqiu Ailesen welding catalog PDF page 8 (catalog pages 9-10), ORK 15AK complete torch section.",A,NEEDS_FACTORY_CONFIRMATION,,,,,evidence_only,,Official company catalog review,2026-08-25,Confirm against the selected wire and exact liner construction.
15ak-std-liner-5-5m-presence,mig-series-15ak,variant,std-torch-liner,Torch Liner,12,std-liner-5-5m,Standard Arrangement Torch Liner 5.5 m,component_presence,Catalog Component,Standard Arrangement Torch Liner 5.5 m,,"Renqiu Ailesen welding catalog PDF page 8 (catalog pages 9-10), ORK 15AK complete torch section.",A,NEEDS_FACTORY_CONFIRMATION,,,,,evidence_only,,Official company catalog review,2026-08-25,Standard Arrangement catalog candidate only; no ArcFort Weld SKU or confirmed compatibility is assigned.
15ak-std-liner-5-5m-catalog-liner-length,mig-series-15ak,variant,std-torch-liner,Torch Liner,12,std-liner-5-5m,Standard Arrangement Torch Liner 5.5 m,overall_length,Catalog Liner Length,5.5,m,"Renqiu Ailesen welding catalog PDF page 8 (catalog pages 9-10), ORK 15AK complete torch section.",A,NEEDS_FACTORY_CONFIRMATION,,,,,evidence_only,,Official company catalog review,2026-08-25,Confirm the full supplied liner length.
15ak-std-liner-5-5m-catalog-wire-range,mig-series-15ak,variant,std-torch-liner,Torch Liner,12,std-liner-5-5m,Standard Arrangement Torch Liner 5.5 m,wire_size,Catalog Wire Range,0.8-1.2,mm,"Renqiu Ailesen welding catalog PDF page 8 (catalog pages 9-10), ORK 15AK complete torch section.",A,NEEDS_FACTORY_CONFIRMATION,,,,,evidence_only,,Official company catalog review,2026-08-25,Confirm against the selected wire and exact liner construction.
"602-series-designation-conflict","mig-series-602","series","602-series","ORK 602 Series","series","602-series","ORK 602 Water-Cooled MIG/MAG Torch Candidate","series_designation","Company Catalog Series Identity","ORK 501D Water Cooled MIG/MAG Welding Torch","","Renqiu Ailesen welding catalog PDF page 14 (catalog pages 21-22).","A","DATA_CONFLICT","company_catalog","Renqiu Ailesen welding catalog PDF page 14 (catalog pages 21-22).","ORK 602 Complete Torch 3M / ORK 602 Complete Torch 5M","The page header identifies ORK 501D while the technical table and complete-torch rows identify ORK 602. Do not assign the page or its values to a supplied ArcFort Weld model until factory review resolves the layout conflict.","blocked","","Official company catalog and OEM catalog review","2026-08-28","Official OEM material confirms that an MB 602 family exists but does not resolve which ArcFort Weld product this company-catalog page depicts."
"602-series-compatibility-wording","mig-series-602","series","602-series","ORK 602 Series","series","602-series","ORK 602 Water-Cooled MIG/MAG Torch Candidate","compatibility_statement","Catalog Compatibility Wording","Compatible orch and Parts For BINZEL","","Renqiu Ailesen welding catalog PDF page 14 (catalog pages 21-22).","A","NEEDS_FACTORY_CONFIRMATION","","","","","evidence_only","","Official company catalog and OEM catalog review","2026-08-28","Source wording only; it is not confirmed compatibility."
"602-series-cooling","mig-series-602","series","602-series","ORK 602 Series","series","602-series","ORK 602 Water-Cooled MIG/MAG Torch Candidate","cooling_method","Catalog Cooling Method","Water cooled","","Renqiu Ailesen welding catalog PDF page 14 (catalog pages 21-22).","A","NEEDS_FACTORY_CONFIRMATION","","","","","evidence_only","","Official company catalog and OEM catalog review","2026-08-28","Confirm the exact coolant circuit and all media connections."
"602-series-rating","mig-series-602","series","602-series","ORK 602 Series","series","602-series","ORK 602 Water-Cooled MIG/MAG Torch Candidate","rating","Company Catalog Rating","600 A CO2 / 550 A mixed gases","","Renqiu Ailesen welding catalog PDF page 14 (catalog pages 21-22).","A","NEEDS_FACTORY_CONFIRMATION","","","","","evidence_only","","Official company catalog and OEM catalog review","2026-08-28","Reference only; attribution remains blocked by the 501D/602 page identity conflict."
"602-series-duty-cycle","mig-series-602","series","602-series","ORK 602 Series","series","602-series","ORK 602 Water-Cooled MIG/MAG Torch Candidate","duty_cycle","Company Catalog Duty Cycle","100","%","Renqiu Ailesen welding catalog PDF page 14 (catalog pages 21-22).","A","NEEDS_FACTORY_CONFIRMATION","","","","","evidence_only","","Official company catalog and OEM catalog review","2026-08-28","Reference only; confirm for the exact supplied torch."
"602-series-wire-size","mig-series-602","series","602-series","ORK 602 Series","series","602-series","ORK 602 Water-Cooled MIG/MAG Torch Candidate","wire_size","Company Catalog Wire Size","1.0-2.4","mm","Renqiu Ailesen welding catalog PDF page 14 (catalog pages 21-22).","A","NEEDS_FACTORY_CONFIRMATION","","","","","evidence_only","","Official company catalog and OEM catalog review","2026-08-28","Reference only; confirm the exact wire and liner range."
"602-oem-designation","mig-series-602","series","602-series","MB 602 OEM Reference","official OEM reference","602-series","ORK 602 Water-Cooled MIG/MAG Torch Candidate","series_designation","Official OEM Series Reference","MB 602","","ABICOR BINZEL MIG/MAG Spare Parts List 2.0, technical overview page 6 and MB 602 pages 49-51: https://www.binzel-abicor.com/uploads/Content/Germany/PDF-Files/PDF_Files_MIGMAG/English/mig_mag_spare_parts_list_2_0_v1.pdf","B","OEM_REFERENCE","","","","","evidence_only","","Official company catalog and OEM catalog review","2026-08-28","Official OEM reference only; it does not confirm the final ArcFort Weld supplied product."
"602-oem-rating","mig-series-602","series","602-series","MB 602 OEM Reference","official OEM reference","602-series","ORK 602 Water-Cooled MIG/MAG Torch Candidate","rating","Official OEM Rating Reference","600 A CO2 / 550 A mixed gases","","ABICOR BINZEL MIG/MAG Spare Parts List 2.0, technical overview page 6 and MB 602 pages 49-51: https://www.binzel-abicor.com/uploads/Content/Germany/PDF-Files/PDF_Files_MIGMAG/English/mig_mag_spare_parts_list_2_0_v1.pdf","B","OEM_REFERENCE","","","","","evidence_only","","Official company catalog and OEM catalog review","2026-08-28","Official OEM reference only; it does not confirm the final ArcFort Weld supplied product."
"602-oem-duty-cycle","mig-series-602","series","602-series","MB 602 OEM Reference","official OEM reference","602-series","ORK 602 Water-Cooled MIG/MAG Torch Candidate","duty_cycle","Official OEM Duty Cycle Reference","100","%","ABICOR BINZEL MIG/MAG Spare Parts List 2.0, technical overview page 6 and MB 602 pages 49-51: https://www.binzel-abicor.com/uploads/Content/Germany/PDF-Files/PDF_Files_MIGMAG/English/mig_mag_spare_parts_list_2_0_v1.pdf","B","OEM_REFERENCE","","","","","evidence_only","","Official company catalog and OEM catalog review","2026-08-28","Official OEM reference only; it does not confirm the final ArcFort Weld supplied product."
"602-oem-wire-size","mig-series-602","series","602-series","MB 602 OEM Reference","official OEM reference","602-series","ORK 602 Water-Cooled MIG/MAG Torch Candidate","wire_size","Official OEM Wire Size Reference","1.0-1.6 (2.4)","mm","ABICOR BINZEL MIG/MAG Spare Parts List 2.0, technical overview page 6 and MB 602 pages 49-51: https://www.binzel-abicor.com/uploads/Content/Germany/PDF-Files/PDF_Files_MIGMAG/English/mig_mag_spare_parts_list_2_0_v1.pdf","B","OEM_REFERENCE","","","","","evidence_only","","Official company catalog and OEM catalog review","2026-08-28","Official OEM reference only; it does not confirm the final ArcFort Weld supplied product."
"602-complete-torch-3m-presence","mig-series-602","variant","complete-torch","Complete Water-Cooled MIG/MAG Welding Torch","assembly","complete-torch-3m","ORK 602 Complete Torch 3M","component_presence","Catalog Component","ORK 602 Complete Torch 3M","","Renqiu Ailesen welding catalog PDF page 14 (catalog pages 21-22).","A","NEEDS_FACTORY_CONFIRMATION","","","","","evidence_only","","Official company catalog and OEM catalog review","2026-08-28","Company-catalog candidate only; the page header and complete-torch designation conflict."
"602-complete-torch-3m-cable_length","mig-series-602","variant","complete-torch","Complete Water-Cooled MIG/MAG Welding Torch","assembly","complete-torch-3m","ORK 602 Complete Torch 3M","cable_length","Catalog Cable Length","3","m","Renqiu Ailesen welding catalog PDF page 14 (catalog pages 21-22).","A","NEEDS_FACTORY_CONFIRMATION","","","","","evidence_only","","Official company catalog and OEM catalog review","2026-08-28","Confirm against the exact supplied candidate."
"602-complete-torch-5m-presence","mig-series-602","variant","complete-torch","Complete Water-Cooled MIG/MAG Welding Torch","assembly","complete-torch-5m","ORK 602 Complete Torch 5M","component_presence","Catalog Component","ORK 602 Complete Torch 5M","","Renqiu Ailesen welding catalog PDF page 14 (catalog pages 21-22).","A","NEEDS_FACTORY_CONFIRMATION","","","","","evidence_only","","Official company catalog and OEM catalog review","2026-08-28","Company-catalog candidate only; the page header and complete-torch designation conflict."
"602-complete-torch-5m-cable_length","mig-series-602","variant","complete-torch","Complete Water-Cooled MIG/MAG Welding Torch","assembly","complete-torch-5m","ORK 602 Complete Torch 5M","cable_length","Catalog Cable Length","5","m","Renqiu Ailesen welding catalog PDF page 14 (catalog pages 21-22).","A","NEEDS_FACTORY_CONFIRMATION","","","","","evidence_only","","Official company catalog and OEM catalog review","2026-08-28","Confirm against the exact supplied candidate."
"602-gas-nozzle-18mm-presence","mig-series-602","variant","gas-nozzle","Gas Nozzle","1","gas-nozzle-18mm","Gas Nozzle 18 mm","component_presence","Catalog Component","Gas Nozzle 18 mm","","Renqiu Ailesen welding catalog PDF page 14 (catalog pages 21-22).","A","NEEDS_FACTORY_CONFIRMATION","","","","","evidence_only","","Official company catalog and OEM catalog review","2026-08-28","Company-catalog candidate only; the page header and complete-torch designation conflict."
"602-gas-nozzle-18mm-opening","mig-series-602","variant","gas-nozzle","Gas Nozzle","1","gas-nozzle-18mm","Gas Nozzle 18 mm","opening","Catalog Opening Diameter","18","mm","Renqiu Ailesen welding catalog PDF page 14 (catalog pages 21-22).","A","NEEDS_FACTORY_CONFIRMATION","","","","","evidence_only","","Official company catalog and OEM catalog review","2026-08-28","Confirm against the exact supplied candidate."
"602-contact-tip-ecu-1-0mm-presence","mig-series-602","variant","contact-tip","Contact Tip","2","contact-tip-ecu-1-0mm","E-Cu Contact Tip 1.0 mm","component_presence","Catalog Component","E-Cu Contact Tip 1.0 mm","","Renqiu Ailesen welding catalog PDF page 14 (catalog pages 21-22).","A","NEEDS_FACTORY_CONFIRMATION","","","","","evidence_only","","Official company catalog and OEM catalog review","2026-08-28","Company-catalog candidate only; the page header and complete-torch designation conflict."
"602-contact-tip-ecu-1-0mm-material","mig-series-602","variant","contact-tip","Contact Tip","2","contact-tip-ecu-1-0mm","E-Cu Contact Tip 1.0 mm","material","Catalog Material Reference","E-Cu","","Renqiu Ailesen welding catalog PDF page 14 (catalog pages 21-22).","A","NEEDS_FACTORY_CONFIRMATION","","","","","evidence_only","","Official company catalog and OEM catalog review","2026-08-28","Confirm against the exact supplied candidate."
"602-contact-tip-ecu-1-0mm-thread","mig-series-602","variant","contact-tip","Contact Tip","2","contact-tip-ecu-1-0mm","E-Cu Contact Tip 1.0 mm","thread","Catalog Thread Reference","M8","","Renqiu Ailesen welding catalog PDF page 14 (catalog pages 21-22).","A","NEEDS_FACTORY_CONFIRMATION","","","","","evidence_only","","Official company catalog and OEM catalog review","2026-08-28","Confirm against the exact supplied candidate."
"602-contact-tip-ecu-1-0mm-overall_length","mig-series-602","variant","contact-tip","Contact Tip","2","contact-tip-ecu-1-0mm","E-Cu Contact Tip 1.0 mm","overall_length","Catalog Overall Length","30","mm","Renqiu Ailesen welding catalog PDF page 14 (catalog pages 21-22).","A","NEEDS_FACTORY_CONFIRMATION","","","","","evidence_only","","Official company catalog and OEM catalog review","2026-08-28","Confirm against the exact supplied candidate."
"602-contact-tip-ecu-1-0mm-wire_size","mig-series-602","variant","contact-tip","Contact Tip","2","contact-tip-ecu-1-0mm","E-Cu Contact Tip 1.0 mm","wire_size","Catalog Wire Size","1.0","mm","Renqiu Ailesen welding catalog PDF page 14 (catalog pages 21-22).","A","NEEDS_FACTORY_CONFIRMATION","","","","","evidence_only","","Official company catalog and OEM catalog review","2026-08-28","Confirm against the exact supplied candidate."
"602-contact-tip-ecu-1-2mm-presence","mig-series-602","variant","contact-tip","Contact Tip","2","contact-tip-ecu-1-2mm","E-Cu Contact Tip 1.2 mm","component_presence","Catalog Component","E-Cu Contact Tip 1.2 mm","","Renqiu Ailesen welding catalog PDF page 14 (catalog pages 21-22).","A","NEEDS_FACTORY_CONFIRMATION","","","","","evidence_only","","Official company catalog and OEM catalog review","2026-08-28","Company-catalog candidate only; the page header and complete-torch designation conflict."
"602-contact-tip-ecu-1-2mm-material","mig-series-602","variant","contact-tip","Contact Tip","2","contact-tip-ecu-1-2mm","E-Cu Contact Tip 1.2 mm","material","Catalog Material Reference","E-Cu","","Renqiu Ailesen welding catalog PDF page 14 (catalog pages 21-22).","A","NEEDS_FACTORY_CONFIRMATION","","","","","evidence_only","","Official company catalog and OEM catalog review","2026-08-28","Confirm against the exact supplied candidate."
"602-contact-tip-ecu-1-2mm-thread","mig-series-602","variant","contact-tip","Contact Tip","2","contact-tip-ecu-1-2mm","E-Cu Contact Tip 1.2 mm","thread","Catalog Thread Reference","M8","","Renqiu Ailesen welding catalog PDF page 14 (catalog pages 21-22).","A","NEEDS_FACTORY_CONFIRMATION","","","","","evidence_only","","Official company catalog and OEM catalog review","2026-08-28","Confirm against the exact supplied candidate."
"602-contact-tip-ecu-1-2mm-overall_length","mig-series-602","variant","contact-tip","Contact Tip","2","contact-tip-ecu-1-2mm","E-Cu Contact Tip 1.2 mm","overall_length","Catalog Overall Length","30","mm","Renqiu Ailesen welding catalog PDF page 14 (catalog pages 21-22).","A","NEEDS_FACTORY_CONFIRMATION","","","","","evidence_only","","Official company catalog and OEM catalog review","2026-08-28","Confirm against the exact supplied candidate."
"602-contact-tip-ecu-1-2mm-wire_size","mig-series-602","variant","contact-tip","Contact Tip","2","contact-tip-ecu-1-2mm","E-Cu Contact Tip 1.2 mm","wire_size","Catalog Wire Size","1.2","mm","Renqiu Ailesen welding catalog PDF page 14 (catalog pages 21-22).","A","NEEDS_FACTORY_CONFIRMATION","","","","","evidence_only","","Official company catalog and OEM catalog review","2026-08-28","Confirm against the exact supplied candidate."
"602-contact-tip-ecu-1-6mm-presence","mig-series-602","variant","contact-tip","Contact Tip","2","contact-tip-ecu-1-6mm","E-Cu Contact Tip 1.6 mm","component_presence","Catalog Component","E-Cu Contact Tip 1.6 mm","","Renqiu Ailesen welding catalog PDF page 14 (catalog pages 21-22).","A","NEEDS_FACTORY_CONFIRMATION","","","","","evidence_only","","Official company catalog and OEM catalog review","2026-08-28","Company-catalog candidate only; the page header and complete-torch designation conflict."
"602-contact-tip-ecu-1-6mm-material","mig-series-602","variant","contact-tip","Contact Tip","2","contact-tip-ecu-1-6mm","E-Cu Contact Tip 1.6 mm","material","Catalog Material Reference","E-Cu","","Renqiu Ailesen welding catalog PDF page 14 (catalog pages 21-22).","A","NEEDS_FACTORY_CONFIRMATION","","","","","evidence_only","","Official company catalog and OEM catalog review","2026-08-28","Confirm against the exact supplied candidate."
"602-contact-tip-ecu-1-6mm-thread","mig-series-602","variant","contact-tip","Contact Tip","2","contact-tip-ecu-1-6mm","E-Cu Contact Tip 1.6 mm","thread","Catalog Thread Reference","M8","","Renqiu Ailesen welding catalog PDF page 14 (catalog pages 21-22).","A","NEEDS_FACTORY_CONFIRMATION","","","","","evidence_only","","Official company catalog and OEM catalog review","2026-08-28","Confirm against the exact supplied candidate."
"602-contact-tip-ecu-1-6mm-overall_length","mig-series-602","variant","contact-tip","Contact Tip","2","contact-tip-ecu-1-6mm","E-Cu Contact Tip 1.6 mm","overall_length","Catalog Overall Length","30","mm","Renqiu Ailesen welding catalog PDF page 14 (catalog pages 21-22).","A","NEEDS_FACTORY_CONFIRMATION","","","","","evidence_only","","Official company catalog and OEM catalog review","2026-08-28","Confirm against the exact supplied candidate."
"602-contact-tip-ecu-1-6mm-wire_size","mig-series-602","variant","contact-tip","Contact Tip","2","contact-tip-ecu-1-6mm","E-Cu Contact Tip 1.6 mm","wire_size","Catalog Wire Size","1.6","mm","Renqiu Ailesen welding catalog PDF page 14 (catalog pages 21-22).","A","NEEDS_FACTORY_CONFIRMATION","","","","","evidence_only","","Official company catalog and OEM catalog review","2026-08-28","Confirm against the exact supplied candidate."
"602-contact-tip-cucrzr-1-0mm-presence","mig-series-602","variant","contact-tip","Contact Tip","2","contact-tip-cucrzr-1-0mm","CuCrZr Contact Tip 1.0 mm","component_presence","Catalog Component","CuCrZr Contact Tip 1.0 mm","","Renqiu Ailesen welding catalog PDF page 14 (catalog pages 21-22).","A","NEEDS_FACTORY_CONFIRMATION","","","","","evidence_only","","Official company catalog and OEM catalog review","2026-08-28","Company-catalog candidate only; the page header and complete-torch designation conflict."
"602-contact-tip-cucrzr-1-0mm-material","mig-series-602","variant","contact-tip","Contact Tip","2","contact-tip-cucrzr-1-0mm","CuCrZr Contact Tip 1.0 mm","material","Catalog Material Reference","CuCrZr","","Renqiu Ailesen welding catalog PDF page 14 (catalog pages 21-22).","A","NEEDS_FACTORY_CONFIRMATION","","","","","evidence_only","","Official company catalog and OEM catalog review","2026-08-28","Confirm against the exact supplied candidate."
"602-contact-tip-cucrzr-1-0mm-thread","mig-series-602","variant","contact-tip","Contact Tip","2","contact-tip-cucrzr-1-0mm","CuCrZr Contact Tip 1.0 mm","thread","Catalog Thread Reference","M8","","Renqiu Ailesen welding catalog PDF page 14 (catalog pages 21-22).","A","NEEDS_FACTORY_CONFIRMATION","","","","","evidence_only","","Official company catalog and OEM catalog review","2026-08-28","Confirm against the exact supplied candidate."
"602-contact-tip-cucrzr-1-0mm-overall_length","mig-series-602","variant","contact-tip","Contact Tip","2","contact-tip-cucrzr-1-0mm","CuCrZr Contact Tip 1.0 mm","overall_length","Catalog Overall Length","30","mm","Renqiu Ailesen welding catalog PDF page 14 (catalog pages 21-22).","A","NEEDS_FACTORY_CONFIRMATION","","","","","evidence_only","","Official company catalog and OEM catalog review","2026-08-28","Confirm against the exact supplied candidate."
"602-contact-tip-cucrzr-1-0mm-wire_size","mig-series-602","variant","contact-tip","Contact Tip","2","contact-tip-cucrzr-1-0mm","CuCrZr Contact Tip 1.0 mm","wire_size","Catalog Wire Size","1.0","mm","Renqiu Ailesen welding catalog PDF page 14 (catalog pages 21-22).","A","NEEDS_FACTORY_CONFIRMATION","","","","","evidence_only","","Official company catalog and OEM catalog review","2026-08-28","Confirm against the exact supplied candidate."
"602-contact-tip-cucrzr-1-2mm-presence","mig-series-602","variant","contact-tip","Contact Tip","2","contact-tip-cucrzr-1-2mm","CuCrZr Contact Tip 1.2 mm","component_presence","Catalog Component","CuCrZr Contact Tip 1.2 mm","","Renqiu Ailesen welding catalog PDF page 14 (catalog pages 21-22).","A","NEEDS_FACTORY_CONFIRMATION","","","","","evidence_only","","Official company catalog and OEM catalog review","2026-08-28","Company-catalog candidate only; the page header and complete-torch designation conflict."
"602-contact-tip-cucrzr-1-2mm-material","mig-series-602","variant","contact-tip","Contact Tip","2","contact-tip-cucrzr-1-2mm","CuCrZr Contact Tip 1.2 mm","material","Catalog Material Reference","CuCrZr","","Renqiu Ailesen welding catalog PDF page 14 (catalog pages 21-22).","A","NEEDS_FACTORY_CONFIRMATION","","","","","evidence_only","","Official company catalog and OEM catalog review","2026-08-28","Confirm against the exact supplied candidate."
"602-contact-tip-cucrzr-1-2mm-thread","mig-series-602","variant","contact-tip","Contact Tip","2","contact-tip-cucrzr-1-2mm","CuCrZr Contact Tip 1.2 mm","thread","Catalog Thread Reference","M8","","Renqiu Ailesen welding catalog PDF page 14 (catalog pages 21-22).","A","NEEDS_FACTORY_CONFIRMATION","","","","","evidence_only","","Official company catalog and OEM catalog review","2026-08-28","Confirm against the exact supplied candidate."
"602-contact-tip-cucrzr-1-2mm-overall_length","mig-series-602","variant","contact-tip","Contact Tip","2","contact-tip-cucrzr-1-2mm","CuCrZr Contact Tip 1.2 mm","overall_length","Catalog Overall Length","30","mm","Renqiu Ailesen welding catalog PDF page 14 (catalog pages 21-22).","A","NEEDS_FACTORY_CONFIRMATION","","","","","evidence_only","","Official company catalog and OEM catalog review","2026-08-28","Confirm against the exact supplied candidate."
"602-contact-tip-cucrzr-1-2mm-wire_size","mig-series-602","variant","contact-tip","Contact Tip","2","contact-tip-cucrzr-1-2mm","CuCrZr Contact Tip 1.2 mm","wire_size","Catalog Wire Size","1.2","mm","Renqiu Ailesen welding catalog PDF page 14 (catalog pages 21-22).","A","NEEDS_FACTORY_CONFIRMATION","","","","","evidence_only","","Official company catalog and OEM catalog review","2026-08-28","Confirm against the exact supplied candidate."
"602-contact-tip-cucrzr-1-6mm-presence","mig-series-602","variant","contact-tip","Contact Tip","2","contact-tip-cucrzr-1-6mm","CuCrZr Contact Tip 1.6 mm","component_presence","Catalog Component","CuCrZr Contact Tip 1.6 mm","","Renqiu Ailesen welding catalog PDF page 14 (catalog pages 21-22).","A","NEEDS_FACTORY_CONFIRMATION","","","","","evidence_only","","Official company catalog and OEM catalog review","2026-08-28","Company-catalog candidate only; the page header and complete-torch designation conflict."
"602-contact-tip-cucrzr-1-6mm-material","mig-series-602","variant","contact-tip","Contact Tip","2","contact-tip-cucrzr-1-6mm","CuCrZr Contact Tip 1.6 mm","material","Catalog Material Reference","CuCrZr","","Renqiu Ailesen welding catalog PDF page 14 (catalog pages 21-22).","A","NEEDS_FACTORY_CONFIRMATION","","","","","evidence_only","","Official company catalog and OEM catalog review","2026-08-28","Confirm against the exact supplied candidate."
"602-contact-tip-cucrzr-1-6mm-thread","mig-series-602","variant","contact-tip","Contact Tip","2","contact-tip-cucrzr-1-6mm","CuCrZr Contact Tip 1.6 mm","thread","Catalog Thread Reference","M8","","Renqiu Ailesen welding catalog PDF page 14 (catalog pages 21-22).","A","NEEDS_FACTORY_CONFIRMATION","","","","","evidence_only","","Official company catalog and OEM catalog review","2026-08-28","Confirm against the exact supplied candidate."
"602-contact-tip-cucrzr-1-6mm-overall_length","mig-series-602","variant","contact-tip","Contact Tip","2","contact-tip-cucrzr-1-6mm","CuCrZr Contact Tip 1.6 mm","overall_length","Catalog Overall Length","30","mm","Renqiu Ailesen welding catalog PDF page 14 (catalog pages 21-22).","A","NEEDS_FACTORY_CONFIRMATION","","","","","evidence_only","","Official company catalog and OEM catalog review","2026-08-28","Confirm against the exact supplied candidate."
"602-contact-tip-cucrzr-1-6mm-wire_size","mig-series-602","variant","contact-tip","Contact Tip","2","contact-tip-cucrzr-1-6mm","CuCrZr Contact Tip 1.6 mm","wire_size","Catalog Wire Size","1.6","mm","Renqiu Ailesen welding catalog PDF page 14 (catalog pages 21-22).","A","NEEDS_FACTORY_CONFIRMATION","","","","","evidence_only","","Official company catalog and OEM catalog review","2026-08-28","Confirm against the exact supplied candidate."
"602-contact-tip-cucrzr-2-4mm-presence","mig-series-602","variant","contact-tip","Contact Tip","2","contact-tip-cucrzr-2-4mm","CuCrZr Contact Tip 2.4 mm","component_presence","Catalog Component","CuCrZr Contact Tip 2.4 mm","","Renqiu Ailesen welding catalog PDF page 14 (catalog pages 21-22).","A","NEEDS_FACTORY_CONFIRMATION","","","","","evidence_only","","Official company catalog and OEM catalog review","2026-08-28","Company-catalog candidate only; the page header and complete-torch designation conflict."
"602-contact-tip-cucrzr-2-4mm-material","mig-series-602","variant","contact-tip","Contact Tip","2","contact-tip-cucrzr-2-4mm","CuCrZr Contact Tip 2.4 mm","material","Catalog Material Reference","CuCrZr","","Renqiu Ailesen welding catalog PDF page 14 (catalog pages 21-22).","A","NEEDS_FACTORY_CONFIRMATION","","","","","evidence_only","","Official company catalog and OEM catalog review","2026-08-28","Confirm against the exact supplied candidate."
"602-contact-tip-cucrzr-2-4mm-thread","mig-series-602","variant","contact-tip","Contact Tip","2","contact-tip-cucrzr-2-4mm","CuCrZr Contact Tip 2.4 mm","thread","Catalog Thread Reference","M8","","Renqiu Ailesen welding catalog PDF page 14 (catalog pages 21-22).","A","NEEDS_FACTORY_CONFIRMATION","","","","","evidence_only","","Official company catalog and OEM catalog review","2026-08-28","Confirm against the exact supplied candidate."
"602-contact-tip-cucrzr-2-4mm-overall_length","mig-series-602","variant","contact-tip","Contact Tip","2","contact-tip-cucrzr-2-4mm","CuCrZr Contact Tip 2.4 mm","overall_length","Catalog Overall Length","30","mm","Renqiu Ailesen welding catalog PDF page 14 (catalog pages 21-22).","A","NEEDS_FACTORY_CONFIRMATION","","","","","evidence_only","","Official company catalog and OEM catalog review","2026-08-28","Confirm against the exact supplied candidate."
"602-contact-tip-cucrzr-2-4mm-wire_size","mig-series-602","variant","contact-tip","Contact Tip","2","contact-tip-cucrzr-2-4mm","CuCrZr Contact Tip 2.4 mm","wire_size","Catalog Wire Size","2.4","mm","Renqiu Ailesen welding catalog PDF page 14 (catalog pages 21-22).","A","NEEDS_FACTORY_CONFIRMATION","","","","","evidence_only","","Official company catalog and OEM catalog review","2026-08-28","Confirm against the exact supplied candidate."
"602-contact-tip-holder-m8-25-5mm-presence","mig-series-602","variant","tip-holder","Contact Tip Holder","3","contact-tip-holder-m8-25-5mm","Contact Tip Holder M8 x 25.5 mm","component_presence","Catalog Component","Contact Tip Holder M8 x 25.5 mm","","Renqiu Ailesen welding catalog PDF page 14 (catalog pages 21-22).","A","NEEDS_FACTORY_CONFIRMATION","","","","","evidence_only","","Official company catalog and OEM catalog review","2026-08-28","Company-catalog candidate only; the page header and complete-torch designation conflict."
"602-contact-tip-holder-m8-25-5mm-thread","mig-series-602","variant","tip-holder","Contact Tip Holder","3","contact-tip-holder-m8-25-5mm","Contact Tip Holder M8 x 25.5 mm","thread","Catalog Thread Reference","M8","","Renqiu Ailesen welding catalog PDF page 14 (catalog pages 21-22).","A","NEEDS_FACTORY_CONFIRMATION","","","","","evidence_only","","Official company catalog and OEM catalog review","2026-08-28","Confirm against the exact supplied candidate."
"602-contact-tip-holder-m8-25-5mm-overall_length","mig-series-602","variant","tip-holder","Contact Tip Holder","3","contact-tip-holder-m8-25-5mm","Contact Tip Holder M8 x 25.5 mm","overall_length","Catalog Overall Length","25.5","mm","Renqiu Ailesen welding catalog PDF page 14 (catalog pages 21-22).","A","NEEDS_FACTORY_CONFIRMATION","","","","","evidence_only","","Official company catalog and OEM catalog review","2026-08-28","Confirm against the exact supplied candidate."
"602-gas-diffuser-dmc-presence","mig-series-602","variant","gas-diffuser","Gas Diffuser","4","gas-diffuser-dmc","Gas Diffuser DMC","component_presence","Catalog Component","Gas Diffuser DMC","","Renqiu Ailesen welding catalog PDF page 14 (catalog pages 21-22).","A","NEEDS_FACTORY_CONFIRMATION","","","","","evidence_only","","Official company catalog and OEM catalog review","2026-08-28","Company-catalog candidate only; the page header and complete-torch designation conflict."
"602-gas-diffuser-dmc-variant","mig-series-602","variant","gas-diffuser","Gas Diffuser","4","gas-diffuser-dmc","Gas Diffuser DMC","variant","Catalog Variant Reference","DMC","","Renqiu Ailesen welding catalog PDF page 14 (catalog pages 21-22).","A","NEEDS_FACTORY_CONFIRMATION","","","","","evidence_only","","Official company catalog and OEM catalog review","2026-08-28","Confirm against the exact supplied candidate."
"602-gas-diffuser-ceramic-presence","mig-series-602","variant","gas-diffuser","Gas Diffuser","4","gas-diffuser-ceramic","Gas Diffuser Ceramic","component_presence","Catalog Component","Gas Diffuser Ceramic","","Renqiu Ailesen welding catalog PDF page 14 (catalog pages 21-22).","A","NEEDS_FACTORY_CONFIRMATION","","","","","evidence_only","","Official company catalog and OEM catalog review","2026-08-28","Company-catalog candidate only; the page header and complete-torch designation conflict."
"602-gas-diffuser-ceramic-variant","mig-series-602","variant","gas-diffuser","Gas Diffuser","4","gas-diffuser-ceramic","Gas Diffuser Ceramic","variant","Catalog Variant Reference","Ceramic","","Renqiu Ailesen welding catalog PDF page 14 (catalog pages 21-22).","A","NEEDS_FACTORY_CONFIRMATION","","","","","evidence_only","","Official company catalog and OEM catalog review","2026-08-28","Confirm against the exact supplied candidate."
"602-swan-neck-presence","mig-series-602","variant","swan-neck","Swan Neck","5","swan-neck","Swan Neck","component_presence","Catalog Component","Swan Neck","","Renqiu Ailesen welding catalog PDF page 14 (catalog pages 21-22).","A","NEEDS_FACTORY_CONFIRMATION","","","","","evidence_only","","Official company catalog and OEM catalog review","2026-08-28","Company-catalog candidate only; the page header and complete-torch designation conflict."
"602-cable-support-spring-presence","mig-series-602","variant","cable-support-spring","Cable Support Spring","6","cable-support-spring","Cable Support Spring","component_presence","Catalog Component","Cable Support Spring","","Renqiu Ailesen welding catalog PDF page 14 (catalog pages 21-22).","A","NEEDS_FACTORY_CONFIRMATION","","","","","evidence_only","","Official company catalog and OEM catalog review","2026-08-28","Company-catalog candidate only; the page header and complete-torch designation conflict."
"602-rear-handle-presence","mig-series-602","variant","rear-handle","Rear Handle","7","rear-handle","Rear Handle","component_presence","Catalog Component","Rear Handle","","Renqiu Ailesen welding catalog PDF page 14 (catalog pages 21-22).","A","NEEDS_FACTORY_CONFIRMATION","","","","","evidence_only","","Official company catalog and OEM catalog review","2026-08-28","Company-catalog candidate only; the page header and complete-torch designation conflict."
"602-adaptor-nut-presence","mig-series-602","variant","adaptor-nut","Adaptor Nut","8","adaptor-nut","Adaptor Nut","component_presence","Catalog Component","Adaptor Nut","","Renqiu Ailesen welding catalog PDF page 14 (catalog pages 21-22).","A","NEEDS_FACTORY_CONFIRMATION","","","","","evidence_only","","Official company catalog and OEM catalog review","2026-08-28","Company-catalog candidate only; the page header and complete-torch designation conflict."
"602-central-connector-presence","mig-series-602","variant","central-connector","Central Connector","9","central-connector","Central Connector","component_presence","Catalog Component","Central Connector","","Renqiu Ailesen welding catalog PDF page 14 (catalog pages 21-22).","A","NEEDS_FACTORY_CONFIRMATION","","","","","evidence_only","","Official company catalog and OEM catalog review","2026-08-28","Company-catalog candidate only; the page header and complete-torch designation conflict."
"602-nut-m10x1-presence","mig-series-602","variant","connector-nut","Connector Nut","10","nut-m10x1","Nut M10 x 1","component_presence","Catalog Component","Nut M10 x 1","","Renqiu Ailesen welding catalog PDF page 14 (catalog pages 21-22).","A","NEEDS_FACTORY_CONFIRMATION","","","","","evidence_only","","Official company catalog and OEM catalog review","2026-08-28","Company-catalog candidate only; the page header and complete-torch designation conflict."
"602-nut-m10x1-thread","mig-series-602","variant","connector-nut","Connector Nut","10","nut-m10x1","Nut M10 x 1","thread","Catalog Thread Reference","M10 x 1","","Renqiu Ailesen welding catalog PDF page 14 (catalog pages 21-22).","A","NEEDS_FACTORY_CONFIRMATION","","","","","evidence_only","","Official company catalog and OEM catalog review","2026-08-28","Confirm against the exact supplied candidate."
"602-liner-3-5m-presence","mig-series-602","variant","torch-liner","Torch Liner","11","liner-3-5m","Torch Liner 3.5 m","component_presence","Catalog Component","Torch Liner 3.5 m","","Renqiu Ailesen welding catalog PDF page 14 (catalog pages 21-22).","A","NEEDS_FACTORY_CONFIRMATION","","","","","evidence_only","","Official company catalog and OEM catalog review","2026-08-28","Company-catalog candidate only; the page header and complete-torch designation conflict."
"602-liner-3-5m-cable_length","mig-series-602","variant","torch-liner","Torch Liner","11","liner-3-5m","Torch Liner 3.5 m","cable_length","Catalog Liner Length","3.5","m","Renqiu Ailesen welding catalog PDF page 14 (catalog pages 21-22).","A","NEEDS_FACTORY_CONFIRMATION","","","","","evidence_only","","Official company catalog and OEM catalog review","2026-08-28","Confirm against the exact supplied candidate."
"602-liner-3-5m-wire_size","mig-series-602","variant","torch-liner","Torch Liner","11","liner-3-5m","Torch Liner 3.5 m","wire_size","Catalog Wire Range","1.2-1.6","mm","Renqiu Ailesen welding catalog PDF page 14 (catalog pages 21-22).","A","NEEDS_FACTORY_CONFIRMATION","","","","","evidence_only","","Official company catalog and OEM catalog review","2026-08-28","Confirm against the exact supplied candidate."
"602-liner-5-5m-presence","mig-series-602","variant","torch-liner","Torch Liner","11","liner-5-5m","Torch Liner 5.5 m","component_presence","Catalog Component","Torch Liner 5.5 m","","Renqiu Ailesen welding catalog PDF page 14 (catalog pages 21-22).","A","NEEDS_FACTORY_CONFIRMATION","","","","","evidence_only","","Official company catalog and OEM catalog review","2026-08-28","Company-catalog candidate only; the page header and complete-torch designation conflict."
"602-liner-5-5m-cable_length","mig-series-602","variant","torch-liner","Torch Liner","11","liner-5-5m","Torch Liner 5.5 m","cable_length","Catalog Liner Length","5.5","m","Renqiu Ailesen welding catalog PDF page 14 (catalog pages 21-22).","A","NEEDS_FACTORY_CONFIRMATION","","","","","evidence_only","","Official company catalog and OEM catalog review","2026-08-28","Confirm against the exact supplied candidate."
"602-liner-5-5m-wire_size","mig-series-602","variant","torch-liner","Torch Liner","11","liner-5-5m","Torch Liner 5.5 m","wire_size","Catalog Wire Range","1.2-1.6","mm","Renqiu Ailesen welding catalog PDF page 14 (catalog pages 21-22).","A","NEEDS_FACTORY_CONFIRMATION","","","","","evidence_only","","Official company catalog and OEM catalog review","2026-08-28","Confirm against the exact supplied candidate."
"602-rear-media-connection-set-presence","mig-series-602","variant","rear-media-connection-set","Rear Media Connection Set","assembly drawing","rear-media-connection-set","Rear Media Connection Set","component_presence","Catalog Component","Rear Media Connection Set","","Renqiu Ailesen welding catalog PDF page 14 (catalog pages 21-22).","A","NEEDS_FACTORY_CONFIRMATION","","","","","evidence_only","","Official company catalog and OEM catalog review","2026-08-28","Company-catalog candidate only; the page header and complete-torch designation conflict."
