sku,name,category,category_slug,slug,short_description,description,main_image,gallery_images,material,size,thread,compatible_brand,compatible_model,oem_number,weight,surface_treatment,package,moq,lead_time,application,custom_available,sample_available,pdf_url,meta_title,meta_description,status,data_status,source_type,source_reference,verified_by,verified_date,image_status,compatibility_status,oem_status,notes_internal
AF-MIG-CT-0004,MIG Contact Tip M6 0.8mm,MIG/MAG Torch Parts,mig-mag-torch-parts,mig-contact-tip-m6-0-8mm,"MIG Contact Tip M6 0.8mm for MIG/MAG torch maintenance and contact tip replacement. Compatibility and ordering details can be confirmed by sample, drawing or model reference.","MIG Contact Tip M6 0.8mm is a replaceable torch-front consumable that guides welding wire toward the arc area and transfers welding current to the wire. It is supplied for MIG/MAG torch maintenance and contact tip replacement in distributor, importer, repair workshop and OEM sourcing programs. Because industrial welding products can vary by model, size, material and application, buyers should confirm wire diameter, thread, tip length, torch series and required material grade using an existing part, drawing, product photo or model reference before quotation. This review helps the sales team check the requested item without publishing unverified compatibility or technical specifications. ArcFort Weld can review mixed product lists and discuss standard export packing, small trial orders for standard items, and logo or private-label packaging when quantity and artwork requirements are available. Send the required quantity and destination country to receive MOQ, lead time and delivery options.",/images/products/mig-contact-tip-m6-0-8mm.jpg,,E-Cu or CuCrZr options shown in the company catalog; final grade per quotation,0.8 mm wire bore; 25 mm length (15AK catalog reference),M6,15AK-style reference family; confirm by sample or drawing,"15AK / MB15 reference family; confirm by sample, drawing or model number",TBD,,,Standard export packing or customized packaging,Small trial orders accepted,7-20 working days for regular orders,MIG/MAG torch maintenance and contact tip replacement,Available,Reference part review available,,MIG Contact Tip M6 0.8mm | ArcFort Weld,"Request MIG Contact Tip M6 0.8mm quotation from ArcFort Weld. Confirm wire size, thread and torch series by sample, drawing or model reference.",active,needs_review,official_catalog,Renqiu Ailesen welding catalog PDF page 8 (catalog page 10): M6 x 25 mm contact-tip table includes 0.8 mm E-Cu and CuCrZr references for the 15AK product family. Final fit and material grade remain subject to RFQ confirmation.,Official company catalog review,2026-07-31,supplier_photo,reference_only,unknown,First 30 SKU worksheet - size and thread provided by buyer list; confirm length material grade packaging and real image before publishing.
AF-MIG-CT-0005,MIG Contact Tip M6 1.0mm,MIG/MAG Torch Parts,mig-mag-torch-parts,mig-contact-tip-m6-1-0mm,"MIG Contact Tip M6 1.0mm for MIG/MAG torch maintenance and contact tip replacement. Compatibility and ordering details can be confirmed by sample, drawing or model reference.","MIG Contact Tip M6 1.0mm is a replaceable torch-front consumable that guides welding wire toward the arc area and transfers welding current to the wire. It is supplied for MIG/MAG torch maintenance and contact tip replacement in distributor, importer, repair workshop and OEM sourcing programs. Because industrial welding products can vary by model, size, material and application, buyers should confirm wire diameter, thread, tip length, torch series and required material grade using an existing part, drawing, product photo or model reference before quotation. This review helps the sales team check the requested item without publishing unverified compatibility or technical specifications. ArcFort Weld can review mixed product lists and discuss standard export packing, small trial orders for standard items, and logo or private-label packaging when quantity and artwork requirements are available. Send the required quantity and destination country to receive MOQ, lead time and delivery options.",/images/products/mig-contact-tip-m6-1-0mm.jpg,,E-Cu or CuCrZr options shown in the company catalog; final grade per quotation,1.0 mm wire bore; 25 mm length (15AK catalog reference),M6,15AK-style reference family; confirm by sample or drawing,"15AK / MB15 reference family; confirm by sample, drawing or model number",TBD,,,Standard export packing or customized packaging,Small trial orders accepted,7-20 working days for regular orders,MIG/MAG torch maintenance and contact tip replacement,Available,Reference part review available,,MIG Contact Tip M6 1.0mm | ArcFort Weld,"Request MIG Contact Tip M6 1.0mm quotation from ArcFort Weld. Confirm wire size, thread and torch series by sample, drawing or model reference.",active,needs_review,official_catalog,Renqiu Ailesen welding catalog PDF page 8 (catalog page 10): M6 x 25 mm contact-tip table includes 1.0 mm E-Cu and CuCrZr references for the 15AK product family. Final fit and material grade remain subject to RFQ confirmation.,Official company catalog review,2026-07-31,supplier_photo,reference_only,unknown,First 30 SKU worksheet - size and thread provided by buyer list; confirm length material grade packaging and real image before publishing.
AF-MIG-CT-0006,MIG Contact Tip M6 1.2mm,MIG/MAG Torch Parts,mig-mag-torch-parts,mig-contact-tip-m6-1-2mm,"MIG Contact Tip M6 1.2mm for MIG/MAG torch maintenance and contact tip replacement. Compatibility and ordering details can be confirmed by sample, drawing or model reference.","MIG Contact Tip M6 1.2mm is a replaceable torch-front consumable that guides welding wire toward the arc area and transfers welding current to the wire. It is supplied for MIG/MAG torch maintenance and contact tip replacement in distributor, importer, repair workshop and OEM sourcing programs. Because industrial welding products can vary by model, size, material and application, buyers should confirm wire diameter, thread, tip length, torch series and required material grade using an existing part, drawing, product photo or model reference before quotation. This review helps the sales team check the requested item without publishing unverified compatibility or technical specifications. ArcFort Weld can review mixed product lists and discuss standard export packing, small trial orders for standard items, and logo or private-label packaging when quantity and artwork requirements are available. Send the required quantity and destination country to receive MOQ, lead time and delivery options.",/images/products/mig-contact-tip-m6-1-2mm.jpg,,Copper material - specific grade to be confirmed,1.2mm,M6,Contact us for details,Compatibility can be confirmed by sample drawing or model number,TBD,,,Standard export packing or customized packaging,Small trial orders accepted,7-20 working days for regular orders,MIG/MAG torch maintenance and contact tip replacement,Available,Reference part review available,,MIG Contact Tip M6 1.2mm | ArcFort Weld,"Request MIG Contact Tip M6 1.2mm quotation from ArcFort Weld. Confirm wire size, thread and torch series by sample, drawing or model reference.",active,needs_review,unknown,Local supplier image archive: 15AK导电嘴.png. Visual review confirms the 15AK/M6 contact-tip product family; the 1.2mm bore is not visible and remains subject to order confirmation.,Internal visual asset audit,2026-07-26,supplier_photo,unverified,unknown,First 30 SKU worksheet - size and thread provided by buyer list; confirm length material grade packaging and real image before publishing.
AF-MIG-TH-0007,MIG Tip Holder for MB15,MIG/MAG Torch Parts,mig-mag-torch-parts,mig-tip-holder-for-mb15,"MIG Tip Holder for MB15 for MIG/MAG torch front-end repair and consumable assembly. Compatibility and ordering details can be confirmed by sample, drawing or model reference.","MIG Tip Holder for MB15 is a torch-front component that supports and retains the contact tip within the current-carrying consumable assembly. It is supplied for MIG/MAG torch front-end repair and consumable assembly in distributor, importer, repair workshop and OEM sourcing programs. Because industrial welding products can vary by model, size, material and application, buyers should confirm torch series, holder thread, contact tip connection, overall dimensions and required finish using an existing part, drawing, product photo or model reference before quotation. This review helps the sales team check the requested item without publishing unverified compatibility or technical specifications. ArcFort Weld can review mixed product lists and discuss standard export packing, small trial orders for standard items, and logo or private-label packaging when quantity and artwork requirements are available. Send the required quantity and destination country to receive MOQ, lead time and delivery options.",/images/products/mig-tip-holder-for-mb15-catalog.jpg,,Copper material - specific grade to be confirmed,42 mm overall length (15AK catalog reference),M6 contact-tip side / M8 x 1 LH torch-neck side (catalog reference),15AK-style reference family; confirm by sample or drawing,"15AK / MB15 reference family; confirm by sample, drawing or model number",TBD,,,Standard export packing or customized packaging,Small trial orders accepted,7-20 working days for regular orders,MIG/MAG torch front-end repair and consumable assembly,Available,Reference part review available,,MIG Tip Holder for MB15 | ArcFort Weld,"Request MIG Tip Holder for MB15 quotation from ArcFort Weld. Confirm torch series, thread and tip connection by sample, drawing or model reference.",active,needs_review,official_catalog,"Renqiu Ailesen welding catalog PDF page 8 (catalog page 10): the 15AK contact tip holder drawing shows 42 mm overall length, M6 contact-tip connection and M8 x 1 LH torch-neck connection. Final compatibility remains subject to RFQ confirmation.",Official company catalog review,2026-07-31,supplier_photo,reference_only,unknown,First 30 SKU worksheet - MB15 name provided by buyer list; confirm exact thread dimensions finish and real image before publishing.
AF-MIG-GN-0008,MIG Gas Nozzle for MB15,MIG/MAG Torch Parts,mig-mag-torch-parts,mig-gas-nozzle-for-mb15,"MIG Gas Nozzle for MB15 for MIG/MAG shielding gas delivery and gas nozzle replacement. Compatibility and ordering details can be confirmed by sample, drawing or model reference.","MIG Gas Nozzle for MB15 is a torch-front consumable that directs shielding gas around the welding zone and covers the internal consumable stack. It is supplied for MIG/MAG shielding gas delivery and gas nozzle replacement in distributor, importer, repair workshop and OEM sourcing programs. Because industrial welding products can vary by model, size, material and application, buyers should confirm torch series, nozzle profile, bore, length, connection style and surface finish using an existing part, drawing, product photo or model reference before quotation. This review helps the sales team check the requested item without publishing unverified compatibility or technical specifications. ArcFort Weld can review mixed product lists and discuss standard export packing, small trial orders for standard items, and logo or private-label packaging when quantity and artwork requirements are available. Send the required quantity and destination country to receive MOQ, lead time and delivery options.",/images/products/mig-gas-nozzle-for-mb15.jpg,"/images/products/mig-gas-nozzle-gallery-1.jpg,/images/products/mig-gas-nozzle-gallery-2.jpg,/images/products/mig-gas-nozzle-gallery-3.jpg",Copper or plated material - exact grade to be confirmed,"53 mm length; cylindrical 16 mm, conical 12 mm or tapered 9.5 mm opening (15AK catalog reference)",Connection style must be confirmed by sample or drawing,15AK-style reference family; confirm by sample or drawing,15AK / MB15 reference family; confirm nozzle profile and connection before ordering,TBD,,,Standard export packing or customized packaging,Small trial orders accepted,7-20 working days for regular orders,MIG/MAG shielding gas delivery and gas nozzle replacement,Available,Reference part review available,,MIG Gas Nozzle for MB15 | ArcFort Weld,"Request MIG Gas Nozzle for MB15 quotation from ArcFort Weld. Confirm torch series, nozzle profile and connection by sample, drawing or model reference.",active,needs_review,official_catalog,"Renqiu Ailesen welding catalog PDF page 8 (catalog page 10): the 15AK nozzle drawing and table show a 53 mm length with cylindrical 16 mm, conical 12 mm and tapered 9.5 mm opening references. Final profile and fit remain subject to RFQ confirmation.",Official company catalog review,2026-07-31,supplier_photo,reference_only,unknown,First 30 SKU worksheet - MB15 name provided by buyer list; confirm nozzle shape finish dimensions and real image before publishing.
AF-MIG-DF-0003,MIG Diffuser,MIG/MAG Torch Parts,mig-mag-torch-parts,mig-diffuser,"MIG Diffuser for MIG/MAG torch gas distribution and diffuser replacement. Compatibility and ordering details can be confirmed by sample, drawing or model reference.","MIG Diffuser is a torch-front component that distributes shielding gas through the nozzle area and supports the consumable stack. It is supplied for MIG/MAG torch gas distribution and diffuser replacement in distributor, importer, repair workshop and OEM sourcing programs. Because industrial welding products can vary by model, size, material and application, buyers should confirm torch series, thread, length, gas passage layout and material requirement using an existing part, drawing, product photo or model reference before quotation. This review helps the sales team check the requested item without publishing unverified compatibility or technical specifications. ArcFort Weld can review mixed product lists and discuss standard export packing, small trial orders for standard items, and logo or private-label packaging when quantity and artwork requirements are available. Send the required quantity and destination country to receive MOQ, lead time and delivery options.",/images/products/mig-diffuser.jpg,,Copper material - specific grade to be confirmed,Available upon request,Available upon request,Contact us for details,Compatibility can be confirmed by sample drawing or model number,TBD,,,Standard export packing or customized packaging,Small trial orders accepted,7-20 working days for regular orders,MIG/MAG torch gas distribution and diffuser replacement,Available,Reference part review available,,MIG Diffuser | ArcFort Weld,"Request MIG Diffuser quotation from ArcFort Weld. Confirm torch series, thread and dimensions by sample, drawing or model reference.",active,needs_review,unknown,First 30 SKU worksheet - confirm torch series thread material grade and real image before publishing. Local supplier image archive: 微信图片_202404111901304.jpg,Internal image review,2026-07-26,supplier_photo,unverified,unknown,First 30 SKU worksheet - confirm torch series thread material grade and real image before publishing. Local supplier image archive: 微信图片_202404111901304.jpg
AF-MIG-TL-0009,MIG Torch Liner,MIG/MAG Torch Parts,mig-mag-torch-parts,mig-torch-liner,"MIG Torch Liner for MIG/MAG wire feeding, torch maintenance and liner replacement. Compatibility and ordering details can be confirmed by sample, drawing or model reference.","MIG Torch Liner is a replaceable guide that carries welding wire from the feeder through the torch cable toward the contact tip. It is supplied for MIG/MAG wire feeding, torch maintenance and liner replacement in distributor, importer, repair workshop and OEM sourcing programs. Because industrial welding products can vary by model, size, material and application, buyers should confirm wire diameter, liner type, liner length, torch connection and feeder setup using an existing part, drawing, product photo or model reference before quotation. This review helps the sales team check the requested item without publishing unverified compatibility or technical specifications. ArcFort Weld can review mixed product lists and discuss standard export packing, small trial orders for standard items, and logo or private-label packaging when quantity and artwork requirements are available. Send the required quantity and destination country to receive MOQ, lead time and delivery options.",/images/products/mig-torch-liner-catalog.jpg,,Liner type is selected by wire and application; PTFE liner options are shown in the company catalog,3.5 m or 5.5 m liner references; 3 m or 5 m PTFE liner references,Connection dimensions vary by liner family; confirm by sample or drawing,"European-style, Binzel, Panasonic, OTC, Lincoln, Miller, Kemppi and ESAB catalog references","Torch and connector match must be confirmed by model, sample or drawing",TBD,,,Standard export packing or customized packaging,Small trial orders accepted,7-20 working days for regular orders,"MIG/MAG wire feeding, torch maintenance and liner replacement",Available,Reference part review available,,MIG Torch Liner | ArcFort Weld,"Request MIG Torch Liner quotation from ArcFort Weld. Confirm wire size, liner length and torch connection by sample, drawing or model reference.",active,needs_review,official_catalog,"Renqiu Ailesen welding catalog PDF page 45 (catalog pages 83-84): liner tables show multiple torch-family references, 3.5 m and 5.5 m general liner options, and 3 m and 5 m PTFE liner options. Exact wire range, termination and fit remain subject to RFQ confirmation.",Official company catalog review,2026-07-31,supplier_photo,reference_only,unknown,First 30 SKU worksheet - confirm wire size liner length liner type and real image before publishing.
AF-MIG-SN-0010,MIG Swan Neck,MIG/MAG Torch Parts,mig-mag-torch-parts,mig-swan-neck,"MIG Swan Neck for MIG/MAG torch neck repair and front-end replacement. Compatibility and ordering details can be confirmed by sample, drawing or model reference.","MIG Swan Neck is a torch assembly component that positions the front-end consumables relative to the handle and cable assembly. It is supplied for MIG/MAG torch neck repair and front-end replacement in distributor, importer, repair workshop and OEM sourcing programs. Because industrial welding products can vary by model, size, material and application, buyers should confirm torch series, neck angle, length, front connection and cooling arrangement using an existing part, drawing, product photo or model reference before quotation. This review helps the sales team check the requested item without publishing unverified compatibility or technical specifications. ArcFort Weld can review mixed product lists and discuss standard export packing, small trial orders for standard items, and logo or private-label packaging when quantity and artwork requirements are available. Send the required quantity and destination country to receive MOQ, lead time and delivery options.",/images/products/mig-swan-neck.jpg,,Material details available upon request,Available upon request,Available upon request,Contact us for details,Compatibility can be confirmed by sample drawing or model number,TBD,,,Standard export packing or customized packaging,Small trial orders accepted,7-20 working days for regular orders,MIG/MAG torch neck repair and front-end replacement,Available,Reference part review available,,MIG Swan Neck | ArcFort Weld,"Request MIG Swan Neck quotation from ArcFort Weld. Confirm torch series, neck angle and connection by sample, drawing or model reference.",active,needs_review,unknown,First 30 SKU worksheet - confirm torch model neck angle connection and real image before publishing. Local supplier image archive: 欧式弯管1.jpg,Internal image review,2026-07-26,supplier_photo,unverified,unknown,"First 30 SKU worksheet - confirm torch model neck angle connection and real image before publishing. Product type matched to a local supplier image; exact model, dimensions and compatibility remain subject to RFQ confirmation."
AF-TIG-CC-0007,TIG Ceramic Cup #5,TIG Torch Parts,tig-torch-parts,tig-ceramic-cup-5,"TIG Ceramic Cup #5 for TIG shielding gas control and ceramic cup replacement. Compatibility and ordering details can be confirmed by sample, drawing or model reference.","TIG Ceramic Cup #5 is a heat-resistant torch consumable that directs shielding gas around the tungsten electrode and weld zone. It is supplied for TIG shielding gas control and ceramic cup replacement in distributor, importer, repair workshop and OEM sourcing programs. Because industrial welding products can vary by model, size, material and application, buyers should confirm cup number, opening size, torch series, connection style and gas lens configuration using an existing part, drawing, product photo or model reference before quotation. This review helps the sales team check the requested item without publishing unverified compatibility or technical specifications. ArcFort Weld can review mixed product lists and discuss standard export packing, small trial orders for standard items, and logo or private-label packaging when quantity and artwork requirements are available. Send the required quantity and destination country to receive MOQ, lead time and delivery options.",/images/products/tig-ceramic-cup-5.jpg,,Ceramic material - exact grade to be confirmed,#5,Available upon request,Contact us for details,Compatibility can be confirmed by sample drawing or model number,TBD,,,Standard export packing or customized packaging,Small trial orders accepted,7-20 working days for regular orders,TIG shielding gas control and ceramic cup replacement,Available,Reference part review available,,TIG Ceramic Cup #5 | ArcFort Weld,"Request TIG Ceramic Cup #5 quotation from ArcFort Weld. Confirm cup number, torch series and connection by sample, drawing or model reference.",active,needs_review,unknown,First 30 SKU worksheet - cup number provided by buyer list; confirm torch series dimensions and real image before publishing. Local supplier image archive: 瓷嘴0.jpg,Internal image review,2026-07-26,supplier_photo,unverified,unknown,"First 30 SKU worksheet - cup number provided by buyer list; confirm torch series dimensions and real image before publishing. Product type matched to a local supplier image; exact model, dimensions and compatibility remain subject to RFQ confirmation."
AF-TIG-CC-0008,TIG Ceramic Cup #6,TIG Torch Parts,tig-torch-parts,tig-ceramic-cup-6,"TIG Ceramic Cup #6 for TIG shielding gas control and ceramic cup replacement. Compatibility and ordering details can be confirmed by sample, drawing or model reference.","TIG Ceramic Cup #6 is a heat-resistant torch consumable that directs shielding gas around the tungsten electrode and weld zone. It is supplied for TIG shielding gas control and ceramic cup replacement in distributor, importer, repair workshop and OEM sourcing programs. Because industrial welding products can vary by model, size, material and application, buyers should confirm cup number, opening size, torch series, connection style and gas lens configuration using an existing part, drawing, product photo or model reference before quotation. This review helps the sales team check the requested item without publishing unverified compatibility or technical specifications. ArcFort Weld can review mixed product lists and discuss standard export packing, small trial orders for standard items, and logo or private-label packaging when quantity and artwork requirements are available. Send the required quantity and destination country to receive MOQ, lead time and delivery options.",/images/products/tig-ceramic-cup-6.jpg,,Ceramic material - exact grade to be confirmed,#6,Available upon request,Contact us for details,Compatibility can be confirmed by sample drawing or model number,TBD,,,Standard export packing or customized packaging,Small trial orders accepted,7-20 working days for regular orders,TIG shielding gas control and ceramic cup replacement,Available,Reference part review available,,TIG Ceramic Cup #6 | ArcFort Weld,"Request TIG Ceramic Cup #6 quotation from ArcFort Weld. Confirm cup number, torch series and connection by sample, drawing or model reference.",active,needs_review,unknown,First 30 SKU worksheet - cup number provided by buyer list; confirm torch series dimensions and real image before publishing. Local supplier image archive: 瓷嘴0.jpg,Internal image review,2026-07-26,supplier_photo,unverified,unknown,"First 30 SKU worksheet - cup number provided by buyer list; confirm torch series dimensions and real image before publishing. Product type matched to a local supplier image; exact model, dimensions and compatibility remain subject to RFQ confirmation."
AF-TIG-CL-0009,TIG Collet,TIG Torch Parts,tig-torch-parts,tig-collet,"TIG Collet for TIG tungsten holding and collet replacement. Compatibility and ordering details can be confirmed by sample, drawing or model reference.","TIG Collet is a torch-head consumable that grips the tungsten electrode when the TIG torch assembly is tightened. It is supplied for TIG tungsten holding and collet replacement in distributor, importer, repair workshop and OEM sourcing programs. Because industrial welding products can vary by model, size, material and application, buyers should confirm tungsten diameter, torch series, collet length and matching collet body using an existing part, drawing, product photo or model reference before quotation. This review helps the sales team check the requested item without publishing unverified compatibility or technical specifications. ArcFort Weld can review mixed product lists and discuss standard export packing, small trial orders for standard items, and logo or private-label packaging when quantity and artwork requirements are available. Send the required quantity and destination country to receive MOQ, lead time and delivery options.",/images/products/tig-collet.jpg,,Copper material - specific grade to be confirmed,Available upon request,Available upon request,Contact us for details,Compatibility can be confirmed by sample drawing or model number,TBD,,,Standard export packing or customized packaging,Small trial orders accepted,7-20 working days for regular orders,TIG tungsten holding and collet replacement,Available,Reference part review available,,TIG Collet | ArcFort Weld,"Request TIG Collet quotation from ArcFort Weld. Confirm tungsten size, torch series and collet body by sample, drawing or model reference.",active,needs_review,unknown,First 30 SKU worksheet - confirm tungsten size torch series and real image before publishing. Local supplier image archive: 钨极夹.jpg,Internal image review,2026-07-26,supplier_photo,unverified,unknown,"First 30 SKU worksheet - confirm tungsten size torch series and real image before publishing. Product type matched to a local supplier image; exact model, dimensions and compatibility remain subject to RFQ confirmation."
AF-TIG-CB-0005,TIG Collet Body,TIG Torch Parts,tig-torch-parts,tig-collet-body,"TIG Collet Body for TIG torch-head assembly and collet body replacement. Compatibility and ordering details can be confirmed by sample, drawing or model reference.","TIG Collet Body is a torch-head component that seats the collet, supports the cup assembly and forms part of the shielding gas path. It is supplied for TIG torch-head assembly and collet body replacement in distributor, importer, repair workshop and OEM sourcing programs. Because industrial welding products can vary by model, size, material and application, buyers should confirm tungsten diameter, torch series, thread and cup or gas lens configuration using an existing part, drawing, product photo or model reference before quotation. This review helps the sales team check the requested item without publishing unverified compatibility or technical specifications. ArcFort Weld can review mixed product lists and discuss standard export packing, small trial orders for standard items, and logo or private-label packaging when quantity and artwork requirements are available. Send the required quantity and destination country to receive MOQ, lead time and delivery options.",/images/products/tig-collet-body.jpg,,Copper material - specific grade to be confirmed,Available upon request,Available upon request,Contact us for details,Compatibility can be confirmed by sample drawing or model number,TBD,,,Standard export packing or customized packaging,Small trial orders accepted,7-20 working days for regular orders,TIG torch-head assembly and collet body replacement,Available,Reference part review available,,TIG Collet Body | ArcFort Weld,"Request TIG Collet Body quotation from ArcFort Weld. Confirm tungsten size, torch series and thread by sample, drawing or model reference.",active,needs_review,unknown,"Local supplier image archive: 微信图片_202404111901304.jpg. Visual review confirms TIG collet-body products; torch series, bore and thread remain unverified.",Internal visual asset audit,2026-07-26,supplier_photo,unverified,unknown,First 30 SKU worksheet - confirm tungsten size torch series thread and real image before publishing.
AF-TIG-GL-0010,TIG Gas Lens 1.6mm,TIG Torch Parts,tig-torch-parts,tig-gas-lens-1-6mm,"TIG Gas Lens 1.6mm for TIG shielding gas distribution and gas lens replacement. Compatibility and ordering details can be confirmed by sample, drawing or model reference.","TIG Gas Lens 1.6mm is a torch-head consumable that distributes shielding gas through a mesh assembly before it reaches the weld zone. It is supplied for TIG shielding gas distribution and gas lens replacement in distributor, importer, repair workshop and OEM sourcing programs. Because industrial welding products can vary by model, size, material and application, buyers should confirm tungsten diameter, torch series, thread, gas lens type and ceramic cup style using an existing part, drawing, product photo or model reference before quotation. This review helps the sales team check the requested item without publishing unverified compatibility or technical specifications. ArcFort Weld can review mixed product lists and discuss standard export packing, small trial orders for standard items, and logo or private-label packaging when quantity and artwork requirements are available. Send the required quantity and destination country to receive MOQ, lead time and delivery options.",/images/products/tig-gas-lens-1-6mm-catalog.jpg,,Copper or brass material - exact grade to be confirmed,1.6 mm bore,9/16-18 UNF and 5/16-24 UNF catalog references; confirm the required gas-lens family,TIG torch-series reference only; confirm by sample or drawing,"9/20, 17/18/26 and 27 series options are referenced in the company catalog; confirm the exact family",TBD,,,Standard export packing or customized packaging,Small trial orders accepted,7-20 working days for regular orders,TIG shielding gas distribution and gas lens replacement,Available,Reference part review available,,TIG Gas Lens 1.6mm | ArcFort Weld,"Request TIG Gas Lens 1.6mm quotation from ArcFort Weld. Confirm tungsten size, torch series and gas lens type by sample, drawing or model reference.",active,needs_review,official_catalog,"Renqiu Ailesen welding catalog PDF page 35 (catalog pages 63-64): gas-lens tables include 1.6 mm bore references across 9/20, 17/18/26 and 27 series families. Thread and torch-series selection must be confirmed before ordering.",Official company catalog review,2026-07-31,supplier_photo,reference_only,unknown,First 30 SKU worksheet - 1.6mm size provided by buyer list; confirm torch series gas lens type and real image before publishing.
AF-TIG-BC-0011,TIG Back Cap,TIG Torch Parts,tig-torch-parts,tig-back-cap,"TIG Back Cap for TIG torch-head maintenance and back cap replacement. Compatibility and ordering details can be confirmed by sample, drawing or model reference.","TIG Back Cap is a rear torch-head component that closes the TIG torch body and secures the tungsten electrode assembly. It is supplied for TIG torch-head maintenance and back cap replacement in distributor, importer, repair workshop and OEM sourcing programs. Because industrial welding products can vary by model, size, material and application, buyers should confirm torch series, cap length, thread and available rear clearance using an existing part, drawing, product photo or model reference before quotation. This review helps the sales team check the requested item without publishing unverified compatibility or technical specifications. ArcFort Weld can review mixed product lists and discuss standard export packing, small trial orders for standard items, and logo or private-label packaging when quantity and artwork requirements are available. Send the required quantity and destination country to receive MOQ, lead time and delivery options.",/images/products/tig-back-cap.jpg,,Material details available upon request,Available upon request,Available upon request,Contact us for details,Compatibility can be confirmed by sample drawing or model number,TBD,,,Standard export packing or customized packaging,Small trial orders accepted,7-20 working days for regular orders,TIG torch-head maintenance and back cap replacement,Available,Reference part review available,,TIG Back Cap | ArcFort Weld,"Request TIG Back Cap quotation from ArcFort Weld. Confirm torch series, cap length and thread by sample, drawing or model reference.",active,needs_review,unknown,First 30 SKU worksheet - confirm cap length torch series and real image before publishing. Local supplier image archive: 微信图片_20240411190132.jpg,Internal image review,2026-07-26,supplier_photo,unverified,unknown,"First 30 SKU worksheet - confirm cap length torch series and real image before publishing. Product type matched to a local supplier image; exact model, dimensions and compatibility remain subject to RFQ confirmation."
AF-TIG-TE-0012,TIG Tungsten Electrode,TIG Torch Parts,tig-torch-parts,tig-tungsten-electrode,"TIG Tungsten Electrode for TIG arc welding and tungsten electrode supply. Compatibility and ordering details can be confirmed by sample, drawing or model reference.","TIG Tungsten Electrode is a non-consumable welding electrode used to establish and maintain the arc in TIG welding. It is supplied for TIG arc welding and tungsten electrode supply in distributor, importer, repair workshop and OEM sourcing programs. Because industrial welding products can vary by model, size, material and application, buyers should confirm electrode diameter, length, tungsten type, color identification and welding application using an existing part, drawing, product photo or model reference before quotation. This review helps the sales team check the requested item without publishing unverified compatibility or technical specifications. ArcFort Weld can review mixed product lists and discuss standard export packing, small trial orders for standard items, and logo or private-label packaging when quantity and artwork requirements are available. Send the required quantity and destination country to receive MOQ, lead time and delivery options.",/images/products/tig-tungsten-electrode.jpg,,Material details available upon request,Available upon request,Available upon request,Contact us for details,Contact us for details,TBD,,,Standard export packing or customized packaging,Small trial orders accepted,7-20 working days for regular orders,TIG arc welding and tungsten electrode supply,Available,Reference part review available,,TIG Tungsten Electrode | ArcFort Weld,"Request TIG Tungsten Electrode quotation from ArcFort Weld. Confirm diameter, tungsten type and application by sample, drawing or model reference.",active,needs_review,unknown,First 30 SKU worksheet - confirm diameter length color code type and real image before publishing. Local supplier image archive: 微信图片_20240411190131.jpg,Internal image review,2026-07-26,supplier_photo,unverified,unknown,"First 30 SKU worksheet - confirm diameter length color code type and real image before publishing. Product type matched to a local supplier image; exact model, dimensions and compatibility remain subject to RFQ confirmation."
AF-PLA-EL-0007,Plasma Electrode,Plasma Cutting Consumables,plasma-cutting-consumables,plasma-electrode,"Plasma Electrode for plasma cutting torch maintenance and electrode replacement. Compatibility and ordering details can be confirmed by sample, drawing or model reference.","Plasma Electrode is a replaceable torch consumable that forms part of the internal plasma arc circuit together with the nozzle. It is supplied for plasma cutting torch maintenance and electrode replacement in distributor, importer, repair workshop and OEM sourcing programs. Because industrial welding products can vary by model, size, material and application, buyers should confirm plasma torch model, electrode design, required cutting current and matching consumable stack using an existing part, drawing, product photo or model reference before quotation. This review helps the sales team check the requested item without publishing unverified compatibility or technical specifications. ArcFort Weld can review mixed product lists and discuss standard export packing, small trial orders for standard items, and logo or private-label packaging when quantity and artwork requirements are available. Send the required quantity and destination country to receive MOQ, lead time and delivery options.",/images/products/plasma-electrode.jpg,,Material details available upon request,Available upon request,Available upon request,Contact us for details,Compatibility can be confirmed by sample drawing or model number,TBD,,,Standard export packing or customized packaging,Small trial orders accepted,7-20 working days for regular orders,plasma cutting torch maintenance and electrode replacement,Available,Reference part review available,,Plasma Electrode | ArcFort Weld,"Request Plasma Electrode quotation from ArcFort Weld. Confirm torch model, electrode design and cutting current by sample, drawing or model reference.",active,needs_review,unknown,First 30 SKU worksheet - confirm torch model reference number material detail and real image before publishing. Local supplier image archive: 微信图片_202404111901331.jpg,Internal image review,2026-07-26,supplier_photo,unverified,unknown,"First 30 SKU worksheet - confirm torch model reference number material detail and real image before publishing. Product type matched to a local supplier image; exact model, dimensions and compatibility remain subject to RFQ confirmation."
AF-PLA-NZ-0008,Plasma Nozzle,Plasma Cutting Consumables,plasma-cutting-consumables,plasma-nozzle,"Plasma Nozzle for plasma arc control and cutting nozzle replacement. Compatibility and ordering details can be confirmed by sample, drawing or model reference.","Plasma Nozzle is a replaceable torch consumable that constricts and directs the plasma arc through the torch outlet. It is supplied for plasma arc control and cutting nozzle replacement in distributor, importer, repair workshop and OEM sourcing programs. Because industrial welding products can vary by model, size, material and application, buyers should confirm plasma torch model, nozzle reference, orifice, cutting current and consumable stack using an existing part, drawing, product photo or model reference before quotation. This review helps the sales team check the requested item without publishing unverified compatibility or technical specifications. ArcFort Weld can review mixed product lists and discuss standard export packing, small trial orders for standard items, and logo or private-label packaging when quantity and artwork requirements are available. Send the required quantity and destination country to receive MOQ, lead time and delivery options.",/images/products/plasma-nozzle.jpg,,Material details available upon request,Available upon request,Available upon request,Contact us for details,Compatibility can be confirmed by sample drawing or model number,TBD,,,Standard export packing or customized packaging,Small trial orders accepted,7-20 working days for regular orders,plasma arc control and cutting nozzle replacement,Available,Reference part review available,,Plasma Nozzle | ArcFort Weld,"Request Plasma Nozzle quotation from ArcFort Weld. Confirm torch model, nozzle reference and cutting current by sample, drawing or model reference.",active,needs_review,unknown,First 30 SKU worksheet - confirm nozzle size torch model reference number and real image before publishing. Local supplier image archive: 微信图片_202404111901308.jpg,Internal image review,2026-07-26,supplier_photo,unverified,unknown,"First 30 SKU worksheet - confirm nozzle size torch model reference number and real image before publishing. Product type matched to a local supplier image; exact model, dimensions and compatibility remain subject to RFQ confirmation."
AF-PLA-SR-0009,Plasma Swirl Ring,Plasma Cutting Consumables,plasma-cutting-consumables,plasma-swirl-ring,"Plasma Swirl Ring for plasma gas flow control and swirl ring replacement. Compatibility and ordering details can be confirmed by sample, drawing or model reference.","Plasma Swirl Ring is a internal torch consumable that controls plasma gas flow direction and spacing within the consumable stack. It is supplied for plasma gas flow control and swirl ring replacement in distributor, importer, repair workshop and OEM sourcing programs. Because industrial welding products can vary by model, size, material and application, buyers should confirm plasma torch model, ring geometry, gas passage layout and matching consumables using an existing part, drawing, product photo or model reference before quotation. This review helps the sales team check the requested item without publishing unverified compatibility or technical specifications. ArcFort Weld can review mixed product lists and discuss standard export packing, small trial orders for standard items, and logo or private-label packaging when quantity and artwork requirements are available. Send the required quantity and destination country to receive MOQ, lead time and delivery options.",/images/products/plasma-swirl-ring-catalog.jpg,,Ceramic option shown for PT-31; material for other torch families is available by model,"Model-specific for A-81, PT-31 and CB-50 reference families",Interface varies by torch family; confirm by sample or drawing,Model-family matching is required instead of brand-only matching,"A-81, PT-31 and CB-50 reference families; confirm by sample or torch model",TBD,,,Standard export packing or customized packaging,Small trial orders accepted,7-20 working days for regular orders,plasma gas flow control and swirl ring replacement,Available,Reference part review available,,Plasma Swirl Ring | ArcFort Weld,"Request Plasma Swirl Ring quotation from ArcFort Weld. Confirm torch model, ring geometry and consumable stack by sample, drawing or model reference.",active,needs_review,official_catalog,"Renqiu Ailesen welding catalog PDF page 22 (catalog pages 37-38): A-81, PT-31 and CB-50 assemblies identify swirl-ring positions, with a ceramic swirl-ring reference shown for PT-31. Exact geometry and compatibility remain subject to RFQ confirmation.",Official company catalog review,2026-07-31,supplier_photo,reference_only,unknown,First 30 SKU worksheet - confirm torch model stack compatibility and real image before publishing. Official Renqiu Ailesen welding catalog PDF pages 22-23 identify Swirl Ring items across multiple plasma torch assemblies; exact model geometry and compatibility remain unverified.
AF-PLA-SH-0010,Plasma Shield,Plasma Cutting Consumables,plasma-cutting-consumables,plasma-shield,"Plasma Shield for plasma torch front-end protection and shield replacement. Compatibility and ordering details can be confirmed by sample, drawing or model reference.","Plasma Shield is a outer torch consumable that helps protect the nozzle area and manage gas flow around the cutting zone. It is supplied for plasma torch front-end protection and shield replacement in distributor, importer, repair workshop and OEM sourcing programs. Because industrial welding products can vary by model, size, material and application, buyers should confirm plasma torch model, shield style, reference number and cutting process using an existing part, drawing, product photo or model reference before quotation. This review helps the sales team check the requested item without publishing unverified compatibility or technical specifications. ArcFort Weld can review mixed product lists and discuss standard export packing, small trial orders for standard items, and logo or private-label packaging when quantity and artwork requirements are available. Send the required quantity and destination country to receive MOQ, lead time and delivery options.",/images/products/plasma-shield.jpg,,Material details available upon request,Available upon request,Available upon request,Contact us for details,Compatibility can be confirmed by sample drawing or model number,TBD,,,Standard export packing or customized packaging,Small trial orders accepted,7-20 working days for regular orders,plasma torch front-end protection and shield replacement,Available,Reference part review available,,Plasma Shield | ArcFort Weld,"Request Plasma Shield quotation from ArcFort Weld. Confirm torch model, shield style and reference by sample, drawing or model reference.",active,needs_review,unknown,Local supplier image archive: 微信图片_202404111901303.jpg. Visual review confirms plasma torch shield products; torch stack and model compatibility remain unverified.,Internal visual asset audit,2026-07-26,supplier_photo,unverified,unknown,First 30 SKU worksheet - confirm torch model shield type reference number and real image before publishing.
AF-PLA-RC-0011,Plasma Retaining Cap,Plasma Cutting Consumables,plasma-cutting-consumables,plasma-retaining-cap,"Plasma Retaining Cap for plasma torch consumable retention and cap replacement. Compatibility and ordering details can be confirmed by sample, drawing or model reference.","Plasma Retaining Cap is a torch-front component that retains the plasma consumable stack in the correct assembly position. It is supplied for plasma torch consumable retention and cap replacement in distributor, importer, repair workshop and OEM sourcing programs. Because industrial welding products can vary by model, size, material and application, buyers should confirm plasma torch model, retaining method, thread, cooling arrangement and consumable stack using an existing part, drawing, product photo or model reference before quotation. This review helps the sales team check the requested item without publishing unverified compatibility or technical specifications. ArcFort Weld can review mixed product lists and discuss standard export packing, small trial orders for standard items, and logo or private-label packaging when quantity and artwork requirements are available. Send the required quantity and destination country to receive MOQ, lead time and delivery options.",/images/products/plasma-retaining-cap.jpg,,Material details available upon request,Available upon request,Available upon request,Contact us for details,Compatibility can be confirmed by sample drawing or model number,TBD,,,Standard export packing or customized packaging,Small trial orders accepted,7-20 working days for regular orders,plasma torch consumable retention and cap replacement,Available,Reference part review available,,Plasma Retaining Cap | ArcFort Weld,"Request Plasma Retaining Cap quotation from ArcFort Weld. Confirm torch model, thread and consumable stack by sample, drawing or model reference.",active,needs_review,unknown,First 30 SKU worksheet - confirm torch model thread reference number and real image before publishing.,,,needs_photo,unverified,unknown,First 30 SKU worksheet - confirm torch model thread reference number and real image before publishing.
AF-PLA-CT-0012,Plasma Cutting Tip,Plasma Cutting Consumables,plasma-cutting-consumables,plasma-cutting-tip,"Plasma Cutting Tip for plasma cutting tip replacement and torch maintenance. Compatibility and ordering details can be confirmed by sample, drawing or model reference.","Plasma Cutting Tip is a replaceable torch outlet consumable used to shape and direct the plasma jet during cutting. It is supplied for plasma cutting tip replacement and torch maintenance in distributor, importer, repair workshop and OEM sourcing programs. Because industrial welding products can vary by model, size, material and application, buyers should confirm plasma torch model, tip reference, opening, required cutting current and matching electrode using an existing part, drawing, product photo or model reference before quotation. This review helps the sales team check the requested item without publishing unverified compatibility or technical specifications. ArcFort Weld can review mixed product lists and discuss standard export packing, small trial orders for standard items, and logo or private-label packaging when quantity and artwork requirements are available. Send the required quantity and destination country to receive MOQ, lead time and delivery options.",/images/products/plasma-cutting-tip.jpg,,Material details available upon request,Available upon request,Available upon request,Contact us for details,Compatibility can be confirmed by sample drawing or model number,TBD,,,Standard export packing or customized packaging,Small trial orders accepted,7-20 working days for regular orders,plasma cutting tip replacement and torch maintenance,Available,Reference part review available,,Plasma Cutting Tip | ArcFort Weld,"Request Plasma Cutting Tip quotation from ArcFort Weld. Confirm torch model, tip reference and cutting current by sample, drawing or model reference.",active,needs_review,unknown,First 30 SKU worksheet - confirm torch model cutting current reference number and real image before publishing. Local supplier image archive: 温州40.jpg,Internal image review,2026-07-26,supplier_photo,unverified,unknown,"First 30 SKU worksheet - confirm torch model cutting current reference number and real image before publishing. Product type matched to a local supplier image; exact model, dimensions and compatibility remain subject to RFQ confirmation."
AF-PLA-TS-0013,Plasma Torch Spacer,Plasma Cutting Consumables,plasma-cutting-consumables,plasma-torch-spacer,"Plasma Torch Spacer for plasma torch positioning and spacer replacement. Compatibility and ordering details can be confirmed by sample, drawing or model reference.","Plasma Torch Spacer is a torch accessory used in suitable cutting setups to maintain physical spacing between the torch and workpiece. It is supplied for plasma torch positioning and spacer replacement in distributor, importer, repair workshop and OEM sourcing programs. Because industrial welding products can vary by model, size, material and application, buyers should confirm plasma torch model, mounting style, required stand-off and cutting method using an existing part, drawing, product photo or model reference before quotation. This review helps the sales team check the requested item without publishing unverified compatibility or technical specifications. ArcFort Weld can review mixed product lists and discuss standard export packing, small trial orders for standard items, and logo or private-label packaging when quantity and artwork requirements are available. Send the required quantity and destination country to receive MOQ, lead time and delivery options.",/images/products/plasma-torch-spacer-catalog.jpg,,Metal stand-off guide shown in the company catalog; alloy and finish available by model,A-81 stand-off guide reference; dimensions require model confirmation,Clip-on stand-off guide format shown for A-81; confirm the exact interface,Model-family matching is required instead of brand-only matching,A-81 reference family; confirm by sample or torch model,TBD,,,Standard export packing or customized packaging,Small trial orders accepted,7-20 working days for regular orders,Maintaining torch stand-off during manual plasma cutting,Available,Reference part review available,,Plasma Torch Spacer | ArcFort Weld,"Request Plasma Torch Spacer quotation from ArcFort Weld. Confirm torch model, mounting style and stand-off by sample, drawing or model reference.",active,needs_review,official_catalog,"Renqiu Ailesen welding catalog PDF page 22 (catalog page 38): the A-81 assembly identifies item 2 as a stand-off guide. Exact geometry, finish and torch compatibility remain subject to RFQ confirmation.",Official company catalog review,2026-07-31,supplier_photo,reference_only,unknown,First 30 SKU worksheet - confirm torch model spacer type and real image before publishing.
AF-CON-EH-0010,Electrode Holder,Welding Consumables,welding-consumables,electrode-holder,"Electrode Holder for MMA or stick welding electrode holding. Compatibility and ordering details can be confirmed by sample, drawing or model reference.","Electrode Holder is a handheld welding accessory that grips a stick electrode and connects it to the welding cable. It is supplied for MMA or stick welding electrode holding in distributor, importer, repair workshop and OEM sourcing programs. Because industrial welding products can vary by model, size, material and application, buyers should confirm required current rating, electrode size range, head style, cable connection and insulation design using an existing part, drawing, product photo or model reference before quotation. This review helps the sales team check the requested item without publishing unverified compatibility or technical specifications. ArcFort Weld can review mixed product lists and discuss standard export packing, small trial orders for standard items, and logo or private-label packaging when quantity and artwork requirements are available. Send the required quantity and destination country to receive MOQ, lead time and delivery options.",/images/products/electrode-holder.jpg,,Material details available upon request,Available upon request,Available upon request,Contact us for details,Contact us for details,TBD,,,Standard export packing or customized packaging,Small trial orders accepted,7-20 working days for regular orders,MMA or stick welding electrode holding,Available,Reference part review available,,Electrode Holder | ArcFort Weld,"Request Electrode Holder quotation from ArcFort Weld. Confirm current rating, head style and cable connection by sample, drawing or model reference.",active,needs_review,unknown,First 30 SKU worksheet - confirm current rating cable connection material and real image before publishing. Local supplier image archive: 微信图片_202404111901314.jpg,Internal image review,2026-07-26,supplier_photo,unverified,unknown,"First 30 SKU worksheet - confirm current rating cable connection material and real image before publishing. Product type matched to a local supplier image; exact model, dimensions and compatibility remain subject to RFQ confirmation."
AF-CON-EL-0011,Welding Electrode,Welding Consumables,welding-consumables,welding-electrode,"Welding Electrode for MMA or stick welding consumable supply. Compatibility and ordering details can be confirmed by sample, drawing or model reference.","Welding Electrode is a coated consumable rod used as filler metal and arc carrier in manual metal arc welding. It is supplied for MMA or stick welding consumable supply in distributor, importer, repair workshop and OEM sourcing programs. Because industrial welding products can vary by model, size, material and application, buyers should confirm electrode classification, diameter, length, coating type, base material and welding position using an existing part, drawing, product photo or model reference before quotation. This review helps the sales team check the requested item without publishing unverified compatibility or technical specifications. ArcFort Weld can review mixed product lists and discuss standard export packing, small trial orders for standard items, and logo or private-label packaging when quantity and artwork requirements are available. Send the required quantity and destination country to receive MOQ, lead time and delivery options.",/images/products/welding-electrode-supplier.jpg,,Material details available upon request,Available upon request,Available upon request,Contact us for details,Contact us for details,TBD,,,Standard export packing or customized packaging,Small trial orders accepted,7-20 working days for regular orders,MMA or stick welding consumable supply,Available,Reference part review available,,Welding Electrode | ArcFort Weld,"Request Welding Electrode quotation from ArcFort Weld. Confirm classification, diameter and welding application by sample, drawing or model reference.",active,needs_review,supplier_catalog,"Local supplier product photo 大桥电焊条.jpg reviewed as a real welding electrode family image. The visible E6010 package is reference only; classification, diameter and packing remain buyer-confirmed.",Internal catalog and visual asset review,2026-07-26,supplier_photo,unverified,unknown,First 30 SKU worksheet - confirm electrode type diameter length package and real image before publishing.
AF-CON-WW-0012,Welding Wire,Welding Consumables,welding-consumables,welding-wire,"Welding Wire for MIG/MAG and wire-feed welding consumable supply. Compatibility and ordering details can be confirmed by sample, drawing or model reference.","Welding Wire is a continuous filler metal supplied for wire-feed welding processes and production welding programs. It is supplied for MIG/MAG and wire-feed welding consumable supply in distributor, importer, repair workshop and OEM sourcing programs. Because industrial welding products can vary by model, size, material and application, buyers should confirm welding process, wire classification, alloy, diameter, spool format and shielding gas requirement using an existing part, drawing, product photo or model reference before quotation. This review helps the sales team check the requested item without publishing unverified compatibility or technical specifications. ArcFort Weld can review mixed product lists and discuss standard export packing, small trial orders for standard items, and logo or private-label packaging when quantity and artwork requirements are available. Send the required quantity and destination country to receive MOQ, lead time and delivery options.",/images/products/welding-wire.jpg,,Material details available upon request,Available upon request,Available upon request,Contact us for details,Contact us for details,TBD,,,Standard export packing or customized packaging,Small trial orders accepted,7-20 working days for regular orders,MIG/MAG and wire-feed welding consumable supply,Available,Reference part review available,,Welding Wire | ArcFort Weld,"Request Welding Wire quotation from ArcFort Weld. Confirm wire classification, diameter and spool format by sample, drawing or model reference.",active,needs_review,unknown,First 30 SKU worksheet - confirm wire type diameter spool package and real image before publishing. Local supplier image archive: 大桥牌气体保护实心焊丝.jpg,Internal image review,2026-07-26,supplier_photo,unverified,unknown,"First 30 SKU worksheet - confirm wire type diameter spool package and real image before publishing. Product type matched to a local supplier image; exact model, dimensions and compatibility remain subject to RFQ confirmation."
AF-ACC-GC-0011,Ground Clamp,Welding Accessories,welding-accessories,ground-clamp,"Ground Clamp for welding work-return connection and workshop replacement. Compatibility and ordering details can be confirmed by sample, drawing or model reference.","Ground Clamp is a work-return accessory that connects the welding cable to the workpiece or welding table. It is supplied for welding work-return connection and workshop replacement in distributor, importer, repair workshop and OEM sourcing programs. Because industrial welding products can vary by model, size, material and application, buyers should confirm required current rating, jaw opening, clamp construction and cable connection using an existing part, drawing, product photo or model reference before quotation. This review helps the sales team check the requested item without publishing unverified compatibility or technical specifications. ArcFort Weld can review mixed product lists and discuss standard export packing, small trial orders for standard items, and logo or private-label packaging when quantity and artwork requirements are available. Send the required quantity and destination country to receive MOQ, lead time and delivery options.",/images/products/ground-clamp.jpg,,Material details available upon request,Available upon request,Available upon request,Contact us for details,Contact us for details,TBD,,,Standard export packing or customized packaging,Small trial orders accepted,7-20 working days for regular orders,welding work-return connection and workshop replacement,Available,Reference part review available,,Ground Clamp | ArcFort Weld,"Request Ground Clamp quotation from ArcFort Weld. Confirm current rating, jaw opening and cable connection by sample, drawing or model reference.",active,needs_review,unknown,First 30 SKU worksheet - confirm current rating jaw type connection and real image before publishing. Local supplier image archive: 地线夹3.jpg,Internal image review,2026-07-26,supplier_photo,unverified,unknown,"First 30 SKU worksheet - confirm current rating jaw type connection and real image before publishing. Product type matched to a local supplier image; exact model, dimensions and compatibility remain subject to RFQ confirmation."
AF-ACC-CC-0012,Welding Cable Connector,Welding Accessories,welding-accessories,welding-cable-connector,"Welding Cable Connector for welding cable assembly and equipment connection. Compatibility and ordering details can be confirmed by sample, drawing or model reference.","Welding Cable Connector is a removable electrical connector used between welding cable, equipment and compatible accessories. It is supplied for welding cable assembly and equipment connection in distributor, importer, repair workshop and OEM sourcing programs. Because industrial welding products can vary by model, size, material and application, buyers should confirm connector interface, cable cross-section, plug or socket format and equipment receptacle using an existing part, drawing, product photo or model reference before quotation. This review helps the sales team check the requested item without publishing unverified compatibility or technical specifications. ArcFort Weld can review mixed product lists and discuss standard export packing, small trial orders for standard items, and logo or private-label packaging when quantity and artwork requirements are available. Send the required quantity and destination country to receive MOQ, lead time and delivery options.",/images/products/welding-cable-connector.jpg,,Material details available upon request,Available upon request,Available upon request,Contact us for details,Contact us for details,TBD,,,Standard export packing or customized packaging,Small trial orders accepted,7-20 working days for regular orders,welding cable assembly and equipment connection,Available,Reference part review available,,Welding Cable Connector | ArcFort Weld,"Request Welding Cable Connector quotation from ArcFort Weld. Confirm connector interface, cable size and plug format by sample, drawing or model reference.",active,needs_review,unknown,First 30 SKU worksheet - confirm connector size cable compatibility and real image before publishing. Local supplier image archive: QQ截图20211203091759.jpg,Internal image review,2026-07-26,supplier_photo,unverified,unknown,"First 30 SKU worksheet - confirm connector size cable compatibility and real image before publishing. Product type matched to a local supplier image; exact model, dimensions and compatibility remain subject to RFQ confirmation."
AF-ACC-WC-0013,Welding Cable,Welding Accessories,welding-accessories,welding-cable,"Welding Cable for welding power cable assembly and workshop replacement. Compatibility and ordering details can be confirmed by sample, drawing or model reference.","Welding Cable is a flexible insulated conductor used to carry welding current between the power source and welding accessories. It is supplied for welding power cable assembly and workshop replacement in distributor, importer, repair workshop and OEM sourcing programs. Because industrial welding products can vary by model, size, material and application, buyers should confirm conductor cross-section, cable length, jacket requirement and connector configuration using an existing part, drawing, product photo or model reference before quotation. This review helps the sales team check the requested item without publishing unverified compatibility or technical specifications. ArcFort Weld can review mixed product lists and discuss standard export packing, small trial orders for standard items, and logo or private-label packaging when quantity and artwork requirements are available. Send the required quantity and destination country to receive MOQ, lead time and delivery options.",/images/products/welding-cable-supplier.jpg,,Material details available upon request,Available upon request,Available upon request,Contact us for details,Contact us for details,TBD,,,Standard export packing or customized packaging,Small trial orders accepted,7-20 working days for regular orders,welding power cable assembly and workshop replacement,Available,Reference part review available,,Welding Cable | ArcFort Weld,"Request Welding Cable quotation from ArcFort Weld. Confirm cable size, length and connector configuration by sample, drawing or model reference.",active,needs_review,supplier_catalog,"Local supplier product photo 微信图片_202404111901332.jpg reviewed as welding cable lead and connector assemblies. Cable size, conductor, length, termination and marking remain unverified.",Internal catalog and visual asset review,2026-07-26,supplier_photo,unverified,unknown,First 30 SKU worksheet - confirm cable size conductor material length and real image before publishing.
AF-ACC-DC-0014,Dinse Connector,Welding Accessories,welding-accessories,dinse-connector,"Dinse Connector for welding cable connection and equipment maintenance. Compatibility and ordering details can be confirmed by sample, drawing or model reference.","Dinse Connector is a twist-lock welding cable connector used for removable power connections on compatible equipment. It is supplied for welding cable connection and equipment maintenance in distributor, importer, repair workshop and OEM sourcing programs. Because industrial welding products can vary by model, size, material and application, buyers should confirm connector size, interface, cable cross-section and plug or socket requirement using an existing part, drawing, product photo or model reference before quotation. This review helps the sales team check the requested item without publishing unverified compatibility or technical specifications. ArcFort Weld can review mixed product lists and discuss standard export packing, small trial orders for standard items, and logo or private-label packaging when quantity and artwork requirements are available. Send the required quantity and destination country to receive MOQ, lead time and delivery options.",/images/products/dinse-connector.jpg,,Material details available upon request,Available upon request,Available upon request,Contact us for details,Contact us for details,TBD,,,Standard export packing or customized packaging,Small trial orders accepted,7-20 working days for regular orders,welding cable connection and equipment maintenance,Available,Reference part review available,,Dinse Connector | ArcFort Weld,"Request Dinse Connector quotation from ArcFort Weld. Confirm connector size, cable size and plug format by sample, drawing or model reference.",active,needs_review,unknown,First 30 SKU worksheet - confirm connector size cable compatibility and real image before publishing. Local supplier image archive: 微信图片_202404111901332.jpg,Internal image review,2026-07-26,supplier_photo,unverified,unknown,"First 30 SKU worksheet - confirm connector size cable compatibility and real image before publishing. Product type matched to a local supplier image; exact model, dimensions and compatibility remain subject to RFQ confirmation."
AF-ACC-WM-0015,Welding Magnet,Welding Accessories,welding-accessories,welding-magnet,"Welding Magnet for metal fabrication fit-up and welding positioning. Compatibility and ordering details can be confirmed by sample, drawing or model reference.","Welding Magnet is a magnetic positioning accessory used to hold ferrous workpieces during fit-up and tack welding. It is supplied for metal fabrication fit-up and welding positioning in distributor, importer, repair workshop and OEM sourcing programs. Because industrial welding products can vary by model, size, material and application, buyers should confirm required angle, holding force, magnet size and workpiece arrangement using an existing part, drawing, product photo or model reference before quotation. This review helps the sales team check the requested item without publishing unverified compatibility or technical specifications. ArcFort Weld can review mixed product lists and discuss standard export packing, small trial orders for standard items, and logo or private-label packaging when quantity and artwork requirements are available. Send the required quantity and destination country to receive MOQ, lead time and delivery options.",/images/products/welding-magnet.jpg,,Material details available upon request,Available upon request,Available upon request,Contact us for details,Contact us for details,TBD,,,Standard export packing or customized packaging,Small trial orders accepted,7-20 working days for regular orders,metal fabrication fit-up and welding positioning,Available,Reference part review available,,Welding Magnet | ArcFort Weld,"Request Welding Magnet quotation from ArcFort Weld. Confirm angle, holding force and magnet size by sample, drawing or model reference.",active,needs_review,unknown,First 30 SKU worksheet - confirm holding force angle type package and real image before publishing.,,,needs_photo,unverified,unknown,First 30 SKU worksheet - confirm holding force angle type package and real image before publishing.
AF-MIG-MT-0031,MIG/MAG Welding Torch,MIG/MAG Torch Parts,mig-mag-torch-parts,mig-mag-welding-torch,"MIG/MAG Welding Torch for MIG/MAG welding torch assembly and repair replacement. Compatibility and ordering details can be confirmed by sample, drawing or model reference.","MIG/MAG Welding Torch is a complete hand-held torch assembly that guides welding wire and shielding gas from compatible MIG/MAG equipment to the weld area. It is supplied for MIG/MAG welding torch assembly and repair replacement in distributor, importer, repair workshop and OEM sourcing programs. Because industrial welding products can vary by model, size, material and application, buyers should confirm torch series, cooling arrangement, cable length, equipment connection and matching front-end consumables using an existing part, drawing, product photo or model reference before quotation. This review helps the sales team check the requested item without publishing unverified compatibility or technical specifications. ArcFort Weld can review mixed product lists and discuss standard export packing, small trial orders for standard items, and logo or private-label packaging when quantity and artwork requirements are available. Send the required quantity and destination country to receive MOQ, lead time and delivery options.",/images/products/mig-mag-welding-torch.jpg,,Available upon request,Available upon request,Available upon request,Contact us for details,Compatibility can be confirmed by sample drawing or model number,TBD,,,Standard export packing or customized packaging,Small trial orders accepted,7-20 working days for regular orders,MIG/MAG welding torch assembly and repair replacement,Available,Reference part review available,/downloads/renqiu-ailesen-welding-catalog.pdf,MIG/MAG Welding Torch | ArcFort Weld,"Request MIG/MAG Welding Torch quotation from ArcFort Weld. Confirm torch series, cable connection and consumable system by sample, drawing or model reference.",active,needs_review,official_catalog,Renqiu Ailesen welding catalog PDF visual review; PDF pages 4-18; exact product data requires RFQ confirmation.,Codex PDF visual audit,2026-06-29,supplier_photo,unverified,unknown,"Catalog shows MIG/MAG torch families and consumable tables. Exact model, rating, cable length, connector and compatibility must be confirmed by RFQ. Main image assigned from local product photo or Renqiu Ailesen catalog crop on 2026-06-29; replace with confirmed white-background product photo when available."
AF-MIG-MS-0032,MIG Torch Switch,MIG/MAG Torch Parts,mig-mag-torch-parts,mig-torch-switch,"MIG Torch Switch for MIG/MAG torch control repair and switch replacement. Compatibility and ordering details can be confirmed by sample, drawing or model reference.","MIG Torch Switch is a torch-handle control component used to start the welding sequence on a compatible MIG/MAG torch and power source. It is supplied for MIG/MAG torch control repair and switch replacement in distributor, importer, repair workshop and OEM sourcing programs. Because industrial welding products can vary by model, size, material and application, buyers should confirm torch handle, switch profile, mounting method, lead arrangement and equipment control connection using an existing part, drawing, product photo or model reference before quotation. This review helps the sales team check the requested item without publishing unverified compatibility or technical specifications. ArcFort Weld can review mixed product lists and discuss standard export packing, small trial orders for standard items, and logo or private-label packaging when quantity and artwork requirements are available. Send the required quantity and destination country to receive MOQ, lead time and delivery options.",/images/products/mig-torch-switch.jpg,,Available upon request,Available upon request,Not applicable,Contact us for details,Compatibility can be confirmed by sample drawing or model number,TBD,,,Standard export packing or customized packaging,Small trial orders accepted,7-20 working days for regular orders,MIG/MAG torch control repair and switch replacement,Available,Reference part review available,/downloads/renqiu-ailesen-welding-catalog.pdf,MIG Torch Switch | ArcFort Weld,"Request MIG Torch Switch quotation from ArcFort Weld. Confirm torch handle, switch profile and control connection by sample, drawing or model reference.",active,needs_review,official_catalog,Renqiu Ailesen welding catalog PDF visual review; PDF pages 19-21; exact product data requires RFQ confirmation.,Codex PDF visual audit,2026-06-29,supplier_photo,unverified,unknown,Switch appearance is visible in catalog. Exact torch series and wiring details must be confirmed by sample or drawing. Main image assigned from local product photo or Renqiu Ailesen catalog crop on 2026-06-29; replace with confirmed white-background product photo when available.
AF-MAC-WF-0033,Wire Feeder,Welding Machines,welding-machines,wire-feeder,"Wire Feeder for MIG/MAG wire delivery and welding equipment supply. Compatibility and ordering details can be confirmed by sample, drawing or model reference.","Wire Feeder is a wire-delivery equipment assembly that advances welding wire from the spool toward a compatible MIG/MAG torch. It is supplied for MIG/MAG wire delivery and welding equipment supply in distributor, importer, repair workshop and OEM sourcing programs. Because industrial welding products can vary by model, size, material and application, buyers should confirm welding process, wire range, drive arrangement, control interface and power-source connection using an existing part, drawing, product photo or model reference before quotation. This review helps the sales team check the requested item without publishing unverified compatibility or technical specifications. ArcFort Weld can review mixed product lists and discuss standard export packing, small trial orders for standard items, and logo or private-label packaging when quantity and artwork requirements are available. Send the required quantity and destination country to receive MOQ, lead time and delivery options.",/images/products/wire-feeder.jpg,,Available upon request,Available upon request,Not applicable,Contact us for details,Compatibility can be confirmed by sample drawing or model number,TBD,,,Standard export packing or customized packaging,Small trial orders accepted,7-20 working days for regular orders,MIG/MAG wire delivery and welding equipment supply,Available,Reference part review available,/downloads/renqiu-ailesen-welding-catalog.pdf,Wire Feeder | ArcFort Weld,"Request Wire Feeder quotation from ArcFort Weld. Confirm wire range, drive arrangement and control interface by sample, drawing or model reference.",active,needs_review,official_catalog,Renqiu Ailesen welding catalog PDF visual review; PDF pages 19-20 and 39-40; exact product data requires RFQ confirmation.,Codex PDF visual audit,2026-06-29,supplier_photo,unverified,unknown,"Catalog visually confirms wire feeder product family. Electrical rating, voltage, drive roll details and configuration must be confirmed before quotation. Main image assigned from local product photo or Renqiu Ailesen catalog crop on 2026-06-29; replace with confirmed white-background product photo when available."
AF-PLA-PT-0034,Plasma Cutting Torch,Plasma Cutting Consumables,plasma-cutting-consumables,plasma-cutting-torch,"Plasma Cutting Torch for plasma cutting torch assembly and maintenance replacement. Compatibility and ordering details can be confirmed by sample, drawing or model reference.","Plasma Cutting Torch is a cutting torch assembly that delivers the electrical and gas path required by its compatible plasma consumable stack. It is supplied for plasma cutting torch assembly and maintenance replacement in distributor, importer, repair workshop and OEM sourcing programs. Because industrial welding products can vary by model, size, material and application, buyers should confirm torch model, cooling arrangement, lead length, machine connection and matching electrode, nozzle and cap system using an existing part, drawing, product photo or model reference before quotation. This review helps the sales team check the requested item without publishing unverified compatibility or technical specifications. ArcFort Weld can review mixed product lists and discuss standard export packing, small trial orders for standard items, and logo or private-label packaging when quantity and artwork requirements are available. Send the required quantity and destination country to receive MOQ, lead time and delivery options.",/images/products/plasma-cutting-torch.jpg,,Available upon request,Available upon request,Available upon request,Contact us for details,Compatibility can be confirmed by sample drawing or model number,TBD,,,Standard export packing or customized packaging,Small trial orders accepted,7-20 working days for regular orders,plasma cutting torch assembly and maintenance replacement,Available,Reference part review available,/downloads/renqiu-ailesen-welding-catalog.pdf,Plasma Cutting Torch | ArcFort Weld,"Request Plasma Cutting Torch quotation from ArcFort Weld. Confirm torch model, machine connection and consumable stack by sample, drawing or model reference.",active,needs_review,official_catalog,Renqiu Ailesen welding catalog PDF visual review; PDF pages 22-24 and 55-57; exact product data requires RFQ confirmation.,Codex PDF visual audit,2026-06-29,supplier_photo,unverified,unknown,"Catalog shows plasma torch families. Torch model, amperage range, consumable stack and compatibility must be confirmed by model number, drawing or sample. Main image assigned from local product photo or Renqiu Ailesen catalog crop on 2026-06-29; replace with confirmed white-background product photo when available."
AF-TIG-TT-0035,TIG Welding Torch,TIG Torch Parts,tig-torch-parts,tig-welding-torch,"TIG Welding Torch for TIG welding torch assembly and repair replacement. Compatibility and ordering details can be confirmed by sample, drawing or model reference.","TIG Welding Torch is a hand-held torch assembly that carries welding current, shielding gas and the tungsten electrode system to the weld area. It is supplied for TIG welding torch assembly and repair replacement in distributor, importer, repair workshop and OEM sourcing programs. Because industrial welding products can vary by model, size, material and application, buyers should confirm torch series, cooling arrangement, head style, cable length, equipment connection and consumable stack using an existing part, drawing, product photo or model reference before quotation. This review helps the sales team check the requested item without publishing unverified compatibility or technical specifications. ArcFort Weld can review mixed product lists and discuss standard export packing, small trial orders for standard items, and logo or private-label packaging when quantity and artwork requirements are available. Send the required quantity and destination country to receive MOQ, lead time and delivery options.",/images/products/tig-welding-torch.jpg,,Available upon request,Available upon request,Available upon request,Contact us for details,Compatibility can be confirmed by sample drawing or model number,TBD,,,Standard export packing or customized packaging,Small trial orders accepted,7-20 working days for regular orders,TIG welding torch assembly and repair replacement,Available,Reference part review available,/downloads/renqiu-ailesen-welding-catalog.pdf,TIG Welding Torch | ArcFort Weld,"Request TIG Welding Torch quotation from ArcFort Weld. Confirm torch series, cooling arrangement and cable connection by sample, drawing or model reference.",active,needs_review,official_catalog,Renqiu Ailesen welding catalog PDF visual review; PDF pages 25-37; exact product data requires RFQ confirmation.,Codex PDF visual audit,2026-06-29,supplier_photo,unverified,unknown,"Catalog visually confirms TIG torch family. Exact torch series, cooling type, cable length and connector should be confirmed by RFQ. Main image assigned from local product photo or Renqiu Ailesen catalog crop on 2026-06-29; replace with confirmed white-background product photo when available."
AF-TIG-TS-0036,TIG Torch Switch,TIG Torch Parts,tig-torch-parts,tig-torch-switch,"TIG Torch Switch for TIG torch control repair and switch replacement. Compatibility and ordering details can be confirmed by sample, drawing or model reference.","TIG Torch Switch is a torch-mounted control component used to operate a compatible TIG welding power source or remote control circuit. It is supplied for TIG torch control repair and switch replacement in distributor, importer, repair workshop and OEM sourcing programs. Because industrial welding products can vary by model, size, material and application, buyers should confirm torch handle, switch format, mounting method, lead length and equipment control connection using an existing part, drawing, product photo or model reference before quotation. This review helps the sales team check the requested item without publishing unverified compatibility or technical specifications. ArcFort Weld can review mixed product lists and discuss standard export packing, small trial orders for standard items, and logo or private-label packaging when quantity and artwork requirements are available. Send the required quantity and destination country to receive MOQ, lead time and delivery options.",/images/products/tig-torch-switch.jpg,,Available upon request,Available upon request,Not applicable,Contact us for details,Compatibility can be confirmed by sample drawing or model number,TBD,,,Standard export packing or customized packaging,Small trial orders accepted,7-20 working days for regular orders,TIG torch control repair and switch replacement,Available,Reference part review available,/downloads/renqiu-ailesen-welding-catalog.pdf,TIG Torch Switch | ArcFort Weld,"Request TIG Torch Switch quotation from ArcFort Weld. Confirm torch handle, switch format and control connection by sample, drawing or model reference.",active,needs_review,official_catalog,Renqiu Ailesen welding catalog PDF visual review; PDF page 37; exact product data requires RFQ confirmation.,Codex PDF visual audit,2026-06-29,supplier_photo,unverified,unknown,"Switch family is visually confirmed. Exact switch type, plug and torch series must be confirmed by sample, drawing or product photo. Main image assigned from local product photo or Renqiu Ailesen catalog crop on 2026-06-29; replace with confirmed white-background product photo when available."
AF-MAC-SG-0037,Stud Welding Gun,Welding Machines,welding-machines,stud-welding-gun,"Stud Welding Gun for stud welding equipment supply and maintenance replacement. Compatibility and ordering details can be confirmed by sample, drawing or model reference.","Stud Welding Gun is a hand-held tool used to position a welding fastener and control the joining cycle in a compatible stud welding system. It is supplied for stud welding equipment supply and maintenance replacement in distributor, importer, repair workshop and OEM sourcing programs. Because industrial welding products can vary by model, size, material and application, buyers should confirm stud welding process, fastener range, cable and control connections, gun setup and required accessories using an existing part, drawing, product photo or model reference before quotation. This review helps the sales team check the requested item without publishing unverified compatibility or technical specifications. ArcFort Weld can review mixed product lists and discuss standard export packing, small trial orders for standard items, and logo or private-label packaging when quantity and artwork requirements are available. Send the required quantity and destination country to receive MOQ, lead time and delivery options.",/images/products/stud-welding-gun.jpg,,Available upon request,Available upon request,Not applicable,Contact us for details,Compatibility can be confirmed by sample drawing or model number,TBD,,,Standard export packing or customized packaging,Small trial orders accepted,7-20 working days for regular orders,stud welding equipment supply and maintenance replacement,Available,Reference part review available,/downloads/renqiu-ailesen-welding-catalog.pdf,Stud Welding Gun | ArcFort Weld,"Request Stud Welding Gun quotation from ArcFort Weld. Confirm welding process, fastener range and system connection by sample, drawing or model reference.",active,needs_review,official_catalog,Renqiu Ailesen welding catalog PDF visual review; PDF page 37; exact product data requires RFQ confirmation.,Codex PDF visual audit,2026-06-29,supplier_photo,unverified,unknown,"Catalog visually confirms stud welding gun family. Electrical rating, stud size range and connector details must be confirmed before quotation. Main image assigned from local product photo or Renqiu Ailesen catalog crop on 2026-06-29; replace with confirmed white-background product photo when available."
AF-ACC-SA-0038,Stud Welding Accessories,Welding Accessories,welding-accessories,stud-welding-accessories,"Stud Welding Accessories for stud welding setup, maintenance and replacement accessory supply. Compatibility and ordering details can be confirmed by sample, drawing or model reference.","Stud Welding Accessories is a support items used around compatible stud welding guns for setup, fastener handling and maintenance. It is supplied for stud welding setup, maintenance and replacement accessory supply in distributor, importer, repair workshop and OEM sourcing programs. Because industrial welding products can vary by model, size, material and application, buyers should confirm accessory type, welding gun or system reference, fastener size, dimensions and connection interface using an existing part, drawing, product photo or model reference before quotation. This review helps the sales team check the requested item without publishing unverified compatibility or technical specifications. ArcFort Weld can review mixed product lists and discuss standard export packing, small trial orders for standard items, and logo or private-label packaging when quantity and artwork requirements are available. Send the required quantity and destination country to receive MOQ, lead time and delivery options.",/images/products/stud-welding-accessories.jpg,,Available upon request,Available upon request,Available upon request,Contact us for details,Compatibility can be confirmed by sample drawing or model number,TBD,,,Standard export packing or customized packaging,Small trial orders accepted,7-20 working days for regular orders,"stud welding setup, maintenance and replacement accessory supply",Available,Reference part review available,/downloads/renqiu-ailesen-welding-catalog.pdf,Stud Welding Accessories | ArcFort Weld,"Request Stud Welding Accessories quotation from ArcFort Weld. Confirm accessory type, system reference and fastener size by sample, drawing or model reference.",active,needs_review,official_catalog,Renqiu Ailesen welding catalog PDF visual review; PDF pages 37 and 58; exact product data requires RFQ confirmation.,Codex PDF visual audit,2026-06-29,supplier_photo,unverified,unknown,"Catalog visually confirms stud welding accessories. Exact part names, dimensions and compatibility require sample, drawing or model reference. Main image assigned from local product photo or Renqiu Ailesen catalog crop on 2026-06-29; replace with confirmed white-background product photo when available."
AF-ACC-RT-0039,Robot Welding Torch,Welding Accessories,welding-accessories,robot-welding-torch,"Robot Welding Torch for robotic MIG/MAG welding cell maintenance and torch replacement. Compatibility and ordering details can be confirmed by sample, drawing or model reference.","Robot Welding Torch is a automated welding torch assembly prepared for repeat welding within a compatible robotic cell. It is supplied for robotic MIG/MAG welding cell maintenance and torch replacement in distributor, importer, repair workshop and OEM sourcing programs. Because industrial welding products can vary by model, size, material and application, buyers should confirm robot interface, torch geometry, cooling arrangement, cable connection and matching consumable system using an existing part, drawing, product photo or model reference before quotation. This review helps the sales team check the requested item without publishing unverified compatibility or technical specifications. ArcFort Weld can review mixed product lists and discuss standard export packing, small trial orders for standard items, and logo or private-label packaging when quantity and artwork requirements are available. Send the required quantity and destination country to receive MOQ, lead time and delivery options.",/images/products/robot-welding-torch.jpg,,Available upon request,Available upon request,Available upon request,Contact us for details,Compatibility can be confirmed by sample drawing or model number,TBD,,,Standard export packing or customized packaging,Small trial orders accepted,7-20 working days for regular orders,robotic MIG/MAG welding cell maintenance and torch replacement,Available,Reference part review available,/downloads/renqiu-ailesen-welding-catalog.pdf,Robot Welding Torch | ArcFort Weld,"Request Robot Welding Torch quotation from ArcFort Weld. Confirm robot interface, torch geometry and consumable system by sample, drawing or model reference.",active,needs_review,official_catalog,Renqiu Ailesen welding catalog PDF visual review; PDF pages 48-54; exact product data requires RFQ confirmation.,Codex PDF visual audit,2026-06-29,supplier_photo,unverified,unknown,"Catalog visually confirms robot welding torch family. Robot model, torch angle, cable length and connector compatibility must be confirmed by RFQ. Main image assigned from local product photo or Renqiu Ailesen catalog crop on 2026-06-29; replace with confirmed white-background product photo when available."
AF-CON-SE-0040,Spot Welding Electrode,Welding Consumables,welding-consumables,spot-welding-electrode,"Spot Welding Electrode for resistance spot welding electrode replacement and maintenance. Compatibility and ordering details can be confirmed by sample, drawing or model reference.","Spot Welding Electrode is a current-carrying contact component used to apply force and electrical current in a compatible resistance spot welding setup. It is supplied for resistance spot welding electrode replacement and maintenance in distributor, importer, repair workshop and OEM sourcing programs. Because industrial welding products can vary by model, size, material and application, buyers should confirm electrode material requirement, tip profile, shank interface, dimensions and machine holder reference using an existing part, drawing, product photo or model reference before quotation. This review helps the sales team check the requested item without publishing unverified compatibility or technical specifications. ArcFort Weld can review mixed product lists and discuss standard export packing, small trial orders for standard items, and logo or private-label packaging when quantity and artwork requirements are available. Send the required quantity and destination country to receive MOQ, lead time and delivery options.",/images/products/spot-welding-electrode.jpg,,Copper material - specific grade to be confirmed,Available upon request,Available upon request,Contact us for details,Compatibility can be confirmed by sample drawing or model number,TBD,,,Standard export packing or customized packaging,Small trial orders accepted,7-20 working days for regular orders,resistance spot welding electrode replacement and maintenance,Available,Reference part review available,/downloads/renqiu-ailesen-welding-catalog.pdf,Spot Welding Electrode | ArcFort Weld,"Request Spot Welding Electrode quotation from ArcFort Weld. Confirm tip profile, shank interface and holder reference by sample, drawing or model reference.",active,needs_review,official_catalog,Renqiu Ailesen welding catalog PDF visual review; PDF page 58; exact product data requires RFQ confirmation.,Codex PDF visual audit,2026-06-29,supplier_photo,unverified,unknown,"Catalog visually confirms spot welding electrode products. Copper grade, cap style, shank size and compatible holder must be confirmed by drawing or sample. Main image assigned from local product photo or Renqiu Ailesen catalog crop on 2026-06-29; replace with confirmed white-background product photo when available."
AF-ACC-FA-0041,Wire Feeder Accessories,Welding Accessories,welding-accessories,wire-feeder-accessories,"Wire Feeder Accessories for wire feeder maintenance and replacement accessory supply. Compatibility and ordering details can be confirmed by sample, drawing or model reference.","Wire Feeder Accessories is a replacement and support items used along a compatible welding wire-feeding path. It is supplied for wire feeder maintenance and replacement accessory supply in distributor, importer, repair workshop and OEM sourcing programs. Because industrial welding products can vary by model, size, material and application, buyers should confirm wire feeder model, accessory function, wire diameter and material, dimensions and mounting interface using an existing part, drawing, product photo or model reference before quotation. This review helps the sales team check the requested item without publishing unverified compatibility or technical specifications. ArcFort Weld can review mixed product lists and discuss standard export packing, small trial orders for standard items, and logo or private-label packaging when quantity and artwork requirements are available. Send the required quantity and destination country to receive MOQ, lead time and delivery options.",/images/products/wire-feeder-accessories.jpg,,Available upon request,Available upon request,Available upon request,Contact us for details,Compatibility can be confirmed by sample drawing or model number,TBD,,,Standard export packing or customized packaging,Small trial orders accepted,7-20 working days for regular orders,wire feeder maintenance and replacement accessory supply,Available,Reference part review available,/downloads/renqiu-ailesen-welding-catalog.pdf,Wire Feeder Accessories | ArcFort Weld,"Request Wire Feeder Accessories quotation from ArcFort Weld. Confirm feeder model, accessory function and wire size by sample, drawing or model reference.",active,needs_review,official_catalog,Renqiu Ailesen welding catalog PDF visual review; PDF pages 39-41; exact product data requires RFQ confirmation.,Codex PDF visual audit,2026-06-29,supplier_photo,unverified,unknown,"Catalog visually confirms feeder accessory family. Exact roller, connector, drive or support component must be confirmed by model reference. Main image assigned from local product photo or Renqiu Ailesen catalog crop on 2026-06-29; replace with confirmed white-background product photo when available."
AF-ACC-PC-0042,Welding Protective Cover,Welding Accessories,welding-accessories,welding-protective-cover,"Welding Protective Cover for welding equipment, cable and workshop protection. Compatibility and ordering details can be confirmed by sample, drawing or model reference.","Welding Protective Cover is a protective workshop item supplied for compatible welding equipment, cable or work-area protection requirements. It is supplied for welding equipment, cable and workshop protection in distributor, importer, repair workshop and OEM sourcing programs. Because industrial welding products can vary by model, size, material and application, buyers should confirm intended equipment or cable use, dimensions, material requirement, mounting method and working environment using an existing part, drawing, product photo or model reference before quotation. This review helps the sales team check the requested item without publishing unverified compatibility or technical specifications. ArcFort Weld can review mixed product lists and discuss standard export packing, small trial orders for standard items, and logo or private-label packaging when quantity and artwork requirements are available. Send the required quantity and destination country to receive MOQ, lead time and delivery options.",/images/products/welding-protective-cover.jpg,,Available upon request,Available upon request,Not applicable,Contact us for details,Compatibility can be confirmed by sample drawing or model number,TBD,,,Standard export packing or customized packaging,Small trial orders accepted,7-20 working days for regular orders,"welding equipment, cable and workshop protection",Available,Reference part review available,/downloads/renqiu-ailesen-welding-catalog.pdf,Welding Protective Cover | ArcFort Weld,"Request Welding Protective Cover quotation from ArcFort Weld. Confirm intended use, dimensions and mounting method by sample, drawing or model reference.",active,needs_review,official_catalog,Renqiu Ailesen welding catalog PDF visual review; PDF page 58; exact product data requires RFQ confirmation.,Codex PDF visual audit,2026-06-29,supplier_photo,unverified,unknown,"Catalog visually confirms protective cover products. Material, size, color and packing must be confirmed before quotation. Main image assigned from local product photo or Renqiu Ailesen catalog crop on 2026-06-29; replace with confirmed white-background product photo when available."
AF-ACC-FM-0043,CO2 Flowmeter,Welding Accessories,welding-accessories,co2-flowmeter,"CO2 Flowmeter for CO2 shielding gas flow control for welding workshop supply. Compatibility and ordering details can be confirmed by sample, drawing or model reference.","CO2 Flowmeter is a gas-control accessory used to indicate and adjust shielding gas flow in a compatible welding gas supply setup. It is supplied for CO2 shielding gas flow control for welding workshop supply in distributor, importer, repair workshop and OEM sourcing programs. Because industrial welding products can vary by model, size, material and application, buyers should confirm gas service, inlet and outlet connections, required flow range, regulator arrangement and target market using an existing part, drawing, product photo or model reference before quotation. This review helps the sales team check the requested item without publishing unverified compatibility or technical specifications. ArcFort Weld can review mixed product lists and discuss standard export packing, small trial orders for standard items, and logo or private-label packaging when quantity and artwork requirements are available. Send the required quantity and destination country to receive MOQ, lead time and delivery options.",/images/products/co2-flowmeter.jpg,,Available upon request,Available upon request,Available upon request,Contact us for details,Compatibility can be confirmed by sample drawing or model number,TBD,,,Standard export packing or customized packaging,Small trial orders accepted,7-20 working days for regular orders,CO2 shielding gas flow control for welding workshop supply,Available,Reference part review available,/downloads/renqiu-ailesen-welding-catalog.pdf,CO2 Flowmeter | ArcFort Weld,"Request CO2 Flowmeter quotation from ArcFort Weld. Confirm gas service, connection and required flow range by sample, drawing or model reference.",active,needs_review,official_catalog,Renqiu Ailesen welding catalog PDF visual review; PDF page 58; exact product data requires RFQ confirmation.,Codex PDF visual audit,2026-06-29,supplier_photo,unverified,unknown,"Catalog visually confirms CO2 flowmeter product family. Flow range, connection thread and regulator details must be confirmed by model or sample. Main image assigned from local product photo or Renqiu Ailesen catalog crop on 2026-06-29; replace with confirmed white-background product photo when available."
